targetid	target_chainseq	templates_alignfile	native_pdbfile	native_alignstring	binder	peptide_positions	native_exists	binder_class	native_identities	native_len
A0203_GPIGKLIAV	GSHSMRYFFTSVSRPGRGEPRFIAVGYVDDTQFVRFDSDAASQRMEPRAPWIEQEGPEYWDGETRKVKAHSQTHRVDLGTLRGYYNQSEAGSHTVQRMYGCDVGSDWRFLRGYHQYAYDGKDYIALKEDLRSWTAADMAAQTTKHKWETAHEAEQWRAYLEGTCVEWLRRYLENG/GPIGKLIAV	examples/tiny_pmhc_finetune/alignments/A0203_alignments.tsv	examples/tiny_pmhc_finetune/natives/run115_batch_0161A0203_GPIGKLIAV_model_1_model_1.pdb	0:0;1:1;2:2;3:3;4:4;5:5;6:6;7:7;8:8;9:9;10:10;11:11;12:12;13:13;14:14;15:15;16:16;17:17;18:18;19:19;20:20;21:21;22:22;23:23;24:24;25:25;26:26;27:27;28:28;29:29;30:30;31:31;32:32;33:33;34:34;35:35;36:36;37:37;38:38;39:39;40:40;41:41;42:42;43:43;44:44;45:45;46:46;47:47;48:48;49:49;50:50;51:51;52:52;53:53;54:54;55:55;56:56;57:57;58:58;59:59;60:60;61:61;62:62;63:63;64:64;65:65;66:66;67:67;68:68;69:69;70:70;71:71;72:72;73:73;74:74;75:75;76:76;77:77;78:78;79:79;80:80;81:81;82:82;83:83;84:84;85:85;86:86;87:87;88:88;89:89;90:90;91:91;92:92;93:93;94:94;95:95;96:96;97:97;98:98;99:99;100:100;101:101;102:102;103:103;104:104;105:105;106:106;107:107;108:108;109:109;110:110;111:111;112:112;113:113;114:114;115:115;116:116;117:117;118:118;119:119;120:120;121:121;122:122;123:123;124:124;125:125;126:126;127:127;128:128;129:129;130:130;131:131;132:132;133:133;134:134;135:135;136:136;137:137;138:138;139:139;140:140;141:141;142:142;143:143;144:144;145:145;146:146;147:147;148:148;149:149;150:150;151:151;152:152;153:153;154:154;155:155;156:156;157:157;158:158;159:159;160:160;161:161;162:162;163:163;164:164;165:165;166:166;167:167;168:168;169:169;170:170;171:171;172:172;173:173;174:174	0	183;182;181;180;179;178;177;176;175	False	0		
DRB1_0405_False_TIKAERTEQKDFDGR_0	HVIIQAEFYLNPDQSGEFMFDFDGDEIFHVDMAKKETVWRLEEFGRFASFEAQGALANIAVDKANLEIMTKRSN/FLEQVKHECHFFNGTERVRFLDRYFYHQEEYVRFDSDVGEYRAVTELGRPSAEYWNSQKDLLEQRRAAVDTYCRHNYGVGESFTV/TIKAERTEQKD	examples/tiny_pmhc_finetune/alignments/DRB1_0405_templates.tsv	examples/tiny_pmhc_finetune/natives/run135_batch_1028DRB1_0405_False_TIKAERTEQKDFDGR_0_model_1_model_1.pdb	0:0;1:1;2:2;3:3;4:4;5:5;6:6;7:7;8:8;9:9;10:10;11:11;12:12;13:13;14:14;15:15;16:16;17:17;18:18;19:19;20:20;21:21;22:22;23:23;24:24;25:25;26:26;27:27;28:28;29:29;30:30;31:31;32:32;33:33;34:34;35:35;36:36;37:37;38:38;39:39;40:40;41:41;42:42;43:43;44:44;45:45;46:46;47:47;48:48;49:49;50:50;51:51;52:52;53:53;54:54;55:55;56:56;57:57;58:58;59:59;60:60;61:61;62:62;63:63;64:64;65:65;66:66;67:67;68:68;69:69;70:70;71:71;72:72;73:73;74:74;75:75;76:76;77:77;78:78;79:79;80:80;81:81;82:82;83:83;84:84;85:85;86:86;87:87;88:88;89:89;90:90;91:91;92:92;93:93;94:94;95:95;96:96;97:97;98:98;99:99;100:100;101:101;102:102;103:103;104:104;105:105;106:106;107:107;108:108;109:109;110:110;111:111;112:112;113:113;114:114;115:115;116:116;117:117;118:118;119:119;120:120;121:121;122:122;123:123;124:124;125:125;126:126;127:127;128:128;129:129;130:130;131:131;132:132;133:133;134:134;135:135;136:136;137:137;138:138;139:139;140:140;141:141;142:142;143:143;144:144;145:145;146:146;147:147;148:148;149:149;150:150;151:151;152:152;153:153;154:154;155:155;156:156;157:157;158:158	0	159;160;161;162;163;164;165;166;167;168;169	False	1	159.0	170.0
A2402_IFWRNTNPI	GSHSMRYFSTSVSRPGRGEPRFIAVGYVDDTQFVRFDSDAASQRMEPRAPWIEQEGPEYWDEETGKVKAHSQTDRENLRIALRYYNQSEAGSHTLQMMFGCDVGSDGRFLRGYHQYAYDGKDYIALKEDLRSWTAADMAAQITKRKWEAAHVAEQQRAYLEGTCVDGLRRYLENG/IFWRNTNPI	examples/tiny_pmhc_finetune/alignments/A2402_alignments.tsv	examples/tiny_pmhc_finetune/natives/run115_batch_0594A2402_IFWRNTNPI_model_1_model_1.pdb	0:0;1:1;2:2;3:3;4:4;5:5;6:6;7:7;8:8;9:9;10:10;11:11;12:12;13:13;14:14;15:15;16:16;17:17;18:18;19:19;20:20;21:21;22:22;23:23;24:24;25:25;26:26;27:27;28:28;29:29;30:30;31:31;32:32;33:33;34:34;35:35;36:36;37:37;38:38;39:39;40:40;41:41;42:42;43:43;44:44;45:45;46:46;47:47;48:48;49:49;50:50;51:51;52:52;53:53;54:54;55:55;56:56;57:57;58:58;59:59;60:60;61:61;62:62;63:63;64:64;65:65;66:66;67:67;68:68;69:69;70:70;71:71;72:72;73:73;74:74;75:75;76:76;77:77;78:78;79:79;80:80;81:81;82:82;83:83;84:84;85:85;86:86;87:87;88:88;89:89;90:90;91:91;92:92;93:93;94:94;95:95;96:96;97:97;98:98;99:99;100:100;101:101;102:102;103:103;104:104;105:105;106:106;107:107;108:108;109:109;110:110;111:111;112:112;113:113;114:114;115:115;116:116;117:117;118:118;119:119;120:120;121:121;122:122;123:123;124:124;125:125;126:126;127:127;128:128;129:129;130:130;131:131;132:132;133:133;134:134;135:135;136:136;137:137;138:138;139:139;140:140;141:141;142:142;143:143;144:144;145:145;146:146;147:147;148:148;149:149;150:150;151:151;152:152;153:153;154:154;155:155;156:156;157:157;158:158;159:159;160:160;161:161;162:162;163:163;164:164;165:165;166:166;167:167;168:168;169:169;170:170;171:171;172:172;173:173;174:174	0	183;182;181;180;179;178;177;176;175	False	0		
A3101_RWLWGFLSR	GSHSMRYFTTSVSRPGRGEPRFIAVGYVDDTQFVRFDSDAASQRMEPRAPWIEQERPEYWDQETRNVKAHSQIDRVDLGTLRGYYNQSEAGSHTIQMMYGCDVGSDGRFLRGYQQDAYDGKDYIALNEDLRSWTAADMAAQITQRKWEAARVAEQLRAYLEGTCVEWLRRYLENG/RWLWGFLSR	examples/tiny_pmhc_finetune/alignments/A3101_alignments.tsv	examples/tiny_pmhc_finetune/natives/run115_batch_0041A3101_RWLWGFLSR_model_1_model_1.pdb	0:0;1:1;2:2;3:3;4:4;5:5;6:6;7:7;8:8;9:9;10:10;11:11;12:12;13:13;14:14;15:15;16:16;17:17;18:18;19:19;20:20;21:21;22:22;23:23;24:24;25:25;26:26;27:27;28:28;29:29;30:30;31:31;32:32;33:33;34:34;35:35;36:36;37:37;38:38;39:39;40:40;41:41;42:42;43:43;44:44;45:45;46:46;47:47;48:48;49:49;50:50;51:51;52:52;53:53;54:54;55:55;56:56;57:57;58:58;59:59;60:60;61:61;62:62;63:63;64:64;65:65;66:66;67:67;68:68;69:69;70:70;71:71;72:72;73:73;74:74;75:75;76:76;77:77;78:78;79:79;80:80;81:81;82:82;83:83;84:84;85:85;86:86;87:87;88:88;89:89;90:90;91:91;92:92;93:93;94:94;95:95;96:96;97:97;98:98;99:99;100:100;101:101;102:102;103:103;104:104;105:105;106:106;107:107;108:108;109:109;110:110;111:111;112:112;113:113;114:114;115:115;116:116;117:117;118:118;119:119;120:120;121:121;122:122;123:123;124:124;125:125;126:126;127:127;128:128;129:129;130:130;131:131;132:132;133:133;134:134;135:135;136:136;137:137;138:138;139:139;140:140;141:141;142:142;143:143;144:144;145:145;146:146;147:147;148:148;149:149;150:150;151:151;152:152;153:153;154:154;155:155;156:156;157:157;158:158;159:159;160:160;161:161;162:162;163:163;164:164;165:165;166:166;167:167;168:168;169:169;170:170;171:171;172:172;173:173;174:174	1	183;182;181;180;179;178;177;176;175	False	0		
A3301_MWSLMYFHR	GSHSMRYFTTSVSRPGRGEPRFIAVGYVDDTQFVRFDSDAASQRMEPRAPWIEQEGPEYWDRNTRNVKAHSQIDRVDLGTLRGYYNQSEAGSHTIQMMYGCDVGSDGRFLRGYQQDAYDGKDYIALNEDLRSWTAADMAAQITQRKWEAARVAEQLRAYLEGTCVEWLRRHLENG/MWSLMYFHR	examples/tiny_pmhc_finetune/alignments/A3301_alignments.tsv	examples/tiny_pmhc_finetune/natives/run115_batch_0160A3301_MWSLMYFHR_model_1_model_1.pdb	0:0;1:1;2:2;3:3;4:4;5:5;6:6;7:7;8:8;9:9;10:10;11:11;12:12;13:13;14:14;15:15;16:16;17:17;18:18;19:19;20:20;21:21;22:22;23:23;24:24;25:25;26:26;27:27;28:28;29:29;30:30;31:31;32:32;33:33;34:34;35:35;36:36;37:37;38:38;39:39;40:40;41:41;42:42;43:43;44:44;45:45;46:46;47:47;48:48;49:49;50:50;51:51;52:52;53:53;54:54;55:55;56:56;57:57;58:58;59:59;60:60;61:61;62:62;63:63;64:64;65:65;66:66;67:67;68:68;69:69;70:70;71:71;72:72;73:73;74:74;75:75;76:76;77:77;78:78;79:79;80:80;81:81;82:82;83:83;84:84;85:85;86:86;87:87;88:88;89:89;90:90;91:91;92:92;93:93;94:94;95:95;96:96;97:97;98:98;99:99;100:100;101:101;102:102;103:103;104:104;105:105;106:106;107:107;108:108;109:109;110:110;111:111;112:112;113:113;114:114;115:115;116:116;117:117;118:118;119:119;120:120;121:121;122:122;123:123;124:124;125:125;126:126;127:127;128:128;129:129;130:130;131:131;132:132;133:133;134:134;135:135;136:136;137:137;138:138;139:139;140:140;141:141;142:142;143:143;144:144;145:145;146:146;147:147;148:148;149:149;150:150;151:151;152:152;153:153;154:154;155:155;156:156;157:157;158:158;159:159;160:160;161:161;162:162;163:163;164:164;165:165;166:166;167:167;168:168;169:169;170:170;171:171;172:172;173:173;174:174	1	183;182;181;180;179;178;177;176;175	False	0		
DRB1_0901_True_SVAYKAAVGATPEAK_2	HVIIQAEFYLNPDQSGEFMFDFDGDEIFHVDMAKKETVWRLEEFGRFASFEAQGALANIAVDKANLEIMTKRSN/FLKQDKFECHFFNGTERVRYLHRGIYNQEENVRFDSDVGEYRAVTELGRPVAESWNSQKDFLERRRAEVDTVCRHNYGVGESFTV/AYKAAVGATPE	examples/tiny_pmhc_finetune/alignments/DRB1_0901_templates.tsv	examples/tiny_pmhc_finetune/natives/run135_batch_0660DRB1_0901_True_SVAYKAAVGATPEAK_2_model_1_model_1.pdb	0:0;1:1;2:2;3:3;4:4;5:5;6:6;7:7;8:8;9:9;10:10;11:11;12:12;13:13;14:14;15:15;16:16;17:17;18:18;19:19;20:20;21:21;22:22;23:23;24:24;25:25;26:26;27:27;28:28;29:29;30:30;31:31;32:32;33:33;34:34;35:35;36:36;37:37;38:38;39:39;40:40;41:41;42:42;43:43;44:44;45:45;46:46;47:47;48:48;49:49;50:50;51:51;52:52;53:53;54:54;55:55;56:56;57:57;58:58;59:59;60:60;61:61;62:62;63:63;64:64;65:65;66:66;67:67;68:68;69:69;70:70;71:71;72:72;73:73;74:74;75:75;76:76;77:77;78:78;79:79;80:80;81:81;82:82;83:83;84:84;85:85;86:86;87:87;88:88;89:89;90:90;91:91;92:92;93:93;94:94;95:95;96:96;97:97;98:98;99:99;100:100;101:101;102:102;103:103;104:104;105:105;106:106;107:107;108:108;109:109;110:110;111:111;112:112;113:113;114:114;115:115;116:116;117:117;118:118;119:119;120:120;121:121;122:122;123:123;124:124;125:125;126:126;127:127;128:128;129:129;130:130;131:131;132:132;133:133;134:134;135:135;136:136;137:137;138:138;139:139;140:140;141:141;142:142;143:143;144:144;145:145;146:146;147:147;148:148;149:149;150:150;151:151;152:152;153:153;154:154;155:155;156:156;157:157;158:158	1	159;160;161;162;163;164;165;166;167;168;169	False	1	159.0	170.0
DRB4_0101_False_AGGAGGVGAVGGKRG_2	HVIIQAEFYLNPDQSGEFMFDFDGDEIFHVDMAKKETVWRLEEFGRFASFEAQGALANIAVDKANLEIMTKRSN/FLEQAKCECHFLNGTERVWNLIRYIYNQEEYARYNSDLGEYQAVTELGRPDAEYWNSQKDLLERRRAEVDTYCRYNYGVVESFTV/GAGGVGAVGGK	examples/tiny_pmhc_finetune/alignments/DRB4_0101_templates.tsv	examples/tiny_pmhc_finetune/natives/run135_batch_0739DRB4_0101_False_AGGAGGVGAVGGKRG_2_model_1_model_1.pdb	0:0;1:1;2:2;3:3;4:4;5:5;6:6;7:7;8:8;9:9;10:10;11:11;12:12;13:13;14:14;15:15;16:16;17:17;18:18;19:19;20:20;21:21;22:22;23:23;24:24;25:25;26:26;27:27;28:28;29:29;30:30;31:31;32:32;33:33;34:34;35:35;36:36;37:37;38:38;39:39;40:40;41:41;42:42;43:43;44:44;45:45;46:46;47:47;48:48;49:49;50:50;51:51;52:52;53:53;54:54;55:55;56:56;57:57;58:58;59:59;60:60;61:61;62:62;63:63;64:64;65:65;66:66;67:67;68:68;69:69;70:70;71:71;72:72;73:73;74:74;75:75;76:76;77:77;78:78;79:79;80:80;81:81;82:82;83:83;84:84;85:85;86:86;87:87;88:88;89:89;90:90;91:91;92:92;93:93;94:94;95:95;96:96;97:97;98:98;99:99;100:100;101:101;102:102;103:103;104:104;105:105;106:106;107:107;108:108;109:109;110:110;111:111;112:112;113:113;114:114;115:115;116:116;117:117;118:118;119:119;120:120;121:121;122:122;123:123;124:124;125:125;126:126;127:127;128:128;129:129;130:130;131:131;132:132;133:133;134:134;135:135;136:136;137:137;138:138;139:139;140:140;141:141;142:142;143:143;144:144;145:145;146:146;147:147;148:148;149:149;150:150;151:151;152:152;153:153;154:154;155:155;156:156;157:157;158:158	0	159;160;161;162;163;164;165;166;167;168;169	False	1	159.0	170.0
A0203_YPGIKVRQL	GSHSMRYFFTSVSRPGRGEPRFIAVGYVDDTQFVRFDSDAASQRMEPRAPWIEQEGPEYWDGETRKVKAHSQTHRVDLGTLRGYYNQSEAGSHTVQRMYGCDVGSDWRFLRGYHQYAYDGKDYIALKEDLRSWTAADMAAQTTKHKWETAHEAEQWRAYLEGTCVEWLRRYLENG/YPGIKVRQL	examples/tiny_pmhc_finetune/alignments/A0203_alignments.tsv	examples/tiny_pmhc_finetune/natives/run115_batch_0728A0203_YPGIKVRQL_model_1_model_1.pdb	0:0;1:1;2:2;3:3;4:4;5:5;6:6;7:7;8:8;9:9;10:10;11:11;12:12;13:13;14:14;15:15;16:16;17:17;18:18;19:19;20:20;21:21;22:22;23:23;24:24;25:25;26:26;27:27;28:28;29:29;30:30;31:31;32:32;33:33;34:34;35:35;36:36;37:37;38:38;39:39;40:40;41:41;42:42;43:43;44:44;45:45;46:46;47:47;48:48;49:49;50:50;51:51;52:52;53:53;54:54;55:55;56:56;57:57;58:58;59:59;60:60;61:61;62:62;63:63;64:64;65:65;66:66;67:67;68:68;69:69;70:70;71:71;72:72;73:73;74:74;75:75;76:76;77:77;78:78;79:79;80:80;81:81;82:82;83:83;84:84;85:85;86:86;87:87;88:88;89:89;90:90;91:91;92:92;93:93;94:94;95:95;96:96;97:97;98:98;99:99;100:100;101:101;102:102;103:103;104:104;105:105;106:106;107:107;108:108;109:109;110:110;111:111;112:112;113:113;114:114;115:115;116:116;117:117;118:118;119:119;120:120;121:121;122:122;123:123;124:124;125:125;126:126;127:127;128:128;129:129;130:130;131:131;132:132;133:133;134:134;135:135;136:136;137:137;138:138;139:139;140:140;141:141;142:142;143:143;144:144;145:145;146:146;147:147;148:148;149:149;150:150;151:151;152:152;153:153;154:154;155:155;156:156;157:157;158:158;159:159;160:160;161:161;162:162;163:163;164:164;165:165;166:166;167:167;168:168;169:169;170:170;171:171;172:172;173:173;174:174	0	183;182;181;180;179;178;177;176;175	False	0		
A2301_FTERSDKSY	GSHSMRYFSTSVSRPGRGEPRFIAVGYVDDTQFVRFDSDAASQRMEPRAPWIEQEGPEYWDEETGKVKAHSQTDRENLRIALRYYNQSEAGSHTLQMMFGCDVGSDGRFLRGYHQYAYDGKDYIALKEDLRSWTAADMAAQITQRKWEAARVAEQLRAYLEGTCVDGLRRYLENG/FTERSDKSY	examples/tiny_pmhc_finetune/alignments/A2301_alignments.tsv	examples/tiny_pmhc_finetune/natives/run115_batch_0417A2301_FTERSDKSY_model_1_model_1.pdb	0:0;1:1;2:2;3:3;4:4;5:5;6:6;7:7;8:8;9:9;10:10;11:11;12:12;13:13;14:14;15:15;16:16;17:17;18:18;19:19;20:20;21:21;22:22;23:23;24:24;25:25;26:26;27:27;28:28;29:29;30:30;31:31;32:32;33:33;34:34;35:35;36:36;37:37;38:38;39:39;40:40;41:41;42:42;43:43;44:44;45:45;46:46;47:47;48:48;49:49;50:50;51:51;52:52;53:53;54:54;55:55;56:56;57:57;58:58;59:59;60:60;61:61;62:62;63:63;64:64;65:65;66:66;67:67;68:68;69:69;70:70;71:71;72:72;73:73;74:74;75:75;76:76;77:77;78:78;79:79;80:80;81:81;82:82;83:83;84:84;85:85;86:86;87:87;88:88;89:89;90:90;91:91;92:92;93:93;94:94;95:95;96:96;97:97;98:98;99:99;100:100;101:101;102:102;103:103;104:104;105:105;106:106;107:107;108:108;109:109;110:110;111:111;112:112;113:113;114:114;115:115;116:116;117:117;118:118;119:119;120:120;121:121;122:122;123:123;124:124;125:125;126:126;127:127;128:128;129:129;130:130;131:131;132:132;133:133;134:134;135:135;136:136;137:137;138:138;139:139;140:140;141:141;142:142;143:143;144:144;145:145;146:146;147:147;148:148;149:149;150:150;151:151;152:152;153:153;154:154;155:155;156:156;157:157;158:158;159:159;160:160;161:161;162:162;163:163;164:164;165:165;166:166;167:167;168:168;169:169;170:170;171:171;172:172;173:173;174:174	0	183;182;181;180;179;178;177;176;175	False	0		
A0203_FLLVTLAIL	GSHSMRYFFTSVSRPGRGEPRFIAVGYVDDTQFVRFDSDAASQRMEPRAPWIEQEGPEYWDGETRKVKAHSQTHRVDLGTLRGYYNQSEAGSHTVQRMYGCDVGSDWRFLRGYHQYAYDGKDYIALKEDLRSWTAADMAAQTTKHKWETAHEAEQWRAYLEGTCVEWLRRYLENG/FLLVTLAIL	examples/tiny_pmhc_finetune/alignments/A0203_alignments.tsv	examples/tiny_pmhc_finetune/natives/run115_batch_0236A0203_FLLVTLAIL_model_1_model_1.pdb	0:0;1:1;2:2;3:3;4:4;5:5;6:6;7:7;8:8;9:9;10:10;11:11;12:12;13:13;14:14;15:15;16:16;17:17;18:18;19:19;20:20;21:21;22:22;23:23;24:24;25:25;26:26;27:27;28:28;29:29;30:30;31:31;32:32;33:33;34:34;35:35;36:36;37:37;38:38;39:39;40:40;41:41;42:42;43:43;44:44;45:45;46:46;47:47;48:48;49:49;50:50;51:51;52:52;53:53;54:54;55:55;56:56;57:57;58:58;59:59;60:60;61:61;62:62;63:63;64:64;65:65;66:66;67:67;68:68;69:69;70:70;71:71;72:72;73:73;74:74;75:75;76:76;77:77;78:78;79:79;80:80;81:81;82:82;83:83;84:84;85:85;86:86;87:87;88:88;89:89;90:90;91:91;92:92;93:93;94:94;95:95;96:96;97:97;98:98;99:99;100:100;101:101;102:102;103:103;104:104;105:105;106:106;107:107;108:108;109:109;110:110;111:111;112:112;113:113;114:114;115:115;116:116;117:117;118:118;119:119;120:120;121:121;122:122;123:123;124:124;125:125;126:126;127:127;128:128;129:129;130:130;131:131;132:132;133:133;134:134;135:135;136:136;137:137;138:138;139:139;140:140;141:141;142:142;143:143;144:144;145:145;146:146;147:147;148:148;149:149;150:150;151:151;152:152;153:153;154:154;155:155;156:156;157:157;158:158;159:159;160:160;161:161;162:162;163:163;164:164;165:165;166:166;167:167;168:168;169:169;170:170;171:171;172:172;173:173;174:174	1	183;182;181;180;179;178;177;176;175	False	0		
A0203_LLKATLLAV	GSHSMRYFFTSVSRPGRGEPRFIAVGYVDDTQFVRFDSDAASQRMEPRAPWIEQEGPEYWDGETRKVKAHSQTHRVDLGTLRGYYNQSEAGSHTVQRMYGCDVGSDWRFLRGYHQYAYDGKDYIALKEDLRSWTAADMAAQTTKHKWETAHEAEQWRAYLEGTCVEWLRRYLENG/LLKATLLAV	examples/tiny_pmhc_finetune/alignments/A0203_alignments.tsv	examples/tiny_pmhc_finetune/natives/run115_batch_0205A0203_LLKATLLAV_model_1_model_1.pdb	0:0;1:1;2:2;3:3;4:4;5:5;6:6;7:7;8:8;9:9;10:10;11:11;12:12;13:13;14:14;15:15;16:16;17:17;18:18;19:19;20:20;21:21;22:22;23:23;24:24;25:25;26:26;27:27;28:28;29:29;30:30;31:31;32:32;33:33;34:34;35:35;36:36;37:37;38:38;39:39;40:40;41:41;42:42;43:43;44:44;45:45;46:46;47:47;48:48;49:49;50:50;51:51;52:52;53:53;54:54;55:55;56:56;57:57;58:58;59:59;60:60;61:61;62:62;63:63;64:64;65:65;66:66;67:67;68:68;69:69;70:70;71:71;72:72;73:73;74:74;75:75;76:76;77:77;78:78;79:79;80:80;81:81;82:82;83:83;84:84;85:85;86:86;87:87;88:88;89:89;90:90;91:91;92:92;93:93;94:94;95:95;96:96;97:97;98:98;99:99;100:100;101:101;102:102;103:103;104:104;105:105;106:106;107:107;108:108;109:109;110:110;111:111;112:112;113:113;114:114;115:115;116:116;117:117;118:118;119:119;120:120;121:121;122:122;123:123;124:124;125:125;126:126;127:127;128:128;129:129;130:130;131:131;132:132;133:133;134:134;135:135;136:136;137:137;138:138;139:139;140:140;141:141;142:142;143:143;144:144;145:145;146:146;147:147;148:148;149:149;150:150;151:151;152:152;153:153;154:154;155:155;156:156;157:157;158:158;159:159;160:160;161:161;162:162;163:163;164:164;165:165;166:166;167:167;168:168;169:169;170:170;171:171;172:172;173:173;174:174	1	183;182;181;180;179;178;177;176;175	False	0		
A0301_MLSRVAAVK	GSHSMRYFFTSVSRPGRGEPRFIAVGYVDDTQFVRFDSDAASQRMEPRAPWIEQEGPEYWDQETRNVKAQSQTDRVDLGTLRGYYNQSEAGSHTIQIMYGCDVGSDGRFLRGYRQDAYDGKDYIALNEDLRSWTAADMAAQITKRKWEAAHEAEQLRAYLDGTCVEWLRRYLENG/MLSRVAAVK	examples/tiny_pmhc_finetune/alignments/A0301_alignments.tsv	examples/tiny_pmhc_finetune/natives/run115_batch_0558A0301_MLSRVAAVK_model_1_model_1.pdb	0:0;1:1;2:2;3:3;4:4;5:5;6:6;7:7;8:8;9:9;10:10;11:11;12:12;13:13;14:14;15:15;16:16;17:17;18:18;19:19;20:20;21:21;22:22;23:23;24:24;25:25;26:26;27:27;28:28;29:29;30:30;31:31;32:32;33:33;34:34;35:35;36:36;37:37;38:38;39:39;40:40;41:41;42:42;43:43;44:44;45:45;46:46;47:47;48:48;49:49;50:50;51:51;52:52;53:53;54:54;55:55;56:56;57:57;58:58;59:59;60:60;61:61;62:62;63:63;64:64;65:65;66:66;67:67;68:68;69:69;70:70;71:71;72:72;73:73;74:74;75:75;76:76;77:77;78:78;79:79;80:80;81:81;82:82;83:83;84:84;85:85;86:86;87:87;88:88;89:89;90:90;91:91;92:92;93:93;94:94;95:95;96:96;97:97;98:98;99:99;100:100;101:101;102:102;103:103;104:104;105:105;106:106;107:107;108:108;109:109;110:110;111:111;112:112;113:113;114:114;115:115;116:116;117:117;118:118;119:119;120:120;121:121;122:122;123:123;124:124;125:125;126:126;127:127;128:128;129:129;130:130;131:131;132:132;133:133;134:134;135:135;136:136;137:137;138:138;139:139;140:140;141:141;142:142;143:143;144:144;145:145;146:146;147:147;148:148;149:149;150:150;151:151;152:152;153:153;154:154;155:155;156:156;157:157;158:158;159:159;160:160;161:161;162:162;163:163;164:164;165:165;166:166;167:167;168:168;169:169;170:170;171:171;172:172;173:173;174:174	1	183;182;181;180;179;178;177;176;175	False	0		
A6802_QSAGFAAGL	GSHSMRYFYTSMSRPGRGEPRFIAVGYVDDTQFVRFDSDAASQRMEPRAPWIEQEGPEYWDRNTRNVKAQSQTDRVDLGTLRGYYNQSEAGSHTIQRMYGCDVGPDGRFLRGYHQYAYDGKDYIALKEDLRSWTAADMAAQTTKHKWEAAHVAEQWRAYLEGTCVEWLRRYLENG/QSAGFAAGL	examples/tiny_pmhc_finetune/alignments/A6802_alignments.tsv	examples/tiny_pmhc_finetune/natives/run115_batch_0416A6802_QSAGFAAGL_model_1_model_1.pdb	0:0;1:1;2:2;3:3;4:4;5:5;6:6;7:7;8:8;9:9;10:10;11:11;12:12;13:13;14:14;15:15;16:16;17:17;18:18;19:19;20:20;21:21;22:22;23:23;24:24;25:25;26:26;27:27;28:28;29:29;30:30;31:31;32:32;33:33;34:34;35:35;36:36;37:37;38:38;39:39;40:40;41:41;42:42;43:43;44:44;45:45;46:46;47:47;48:48;49:49;50:50;51:51;52:52;53:53;54:54;55:55;56:56;57:57;58:58;59:59;60:60;61:61;62:62;63:63;64:64;65:65;66:66;67:67;68:68;69:69;70:70;71:71;72:72;73:73;74:74;75:75;76:76;77:77;78:78;79:79;80:80;81:81;82:82;83:83;84:84;85:85;86:86;87:87;88:88;89:89;90:90;91:91;92:92;93:93;94:94;95:95;96:96;97:97;98:98;99:99;100:100;101:101;102:102;103:103;104:104;105:105;106:106;107:107;108:108;109:109;110:110;111:111;112:112;113:113;114:114;115:115;116:116;117:117;118:118;119:119;120:120;121:121;122:122;123:123;124:124;125:125;126:126;127:127;128:128;129:129;130:130;131:131;132:132;133:133;134:134;135:135;136:136;137:137;138:138;139:139;140:140;141:141;142:142;143:143;144:144;145:145;146:146;147:147;148:148;149:149;150:150;151:151;152:152;153:153;154:154;155:155;156:156;157:157;158:158;159:159;160:160;161:161;162:162;163:163;164:164;165:165;166:166;167:167;168:168;169:169;170:170;171:171;172:172;173:173;174:174	1	183;182;181;180;179;178;177;176;175	False	0		
A3001_TTDVKAAVI	GSHSMRYFSTSVSRPGSGEPRFIAVGYVDDTQFVRFDSDAASQRMEPRAPWIEQERPEYWDQETRNVKAQSQTDRVDLGTLRGYYNQSEAGSHTIQIMYGCDVGSDGRFLRGYEQHAYDGKDYIALNEDLRSWTAADMAAQITQRKWEAARWAEQLRAYLEGTCVEWLRRYLENG/TTDVKAAVI	examples/tiny_pmhc_finetune/alignments/A3001_alignments.tsv	examples/tiny_pmhc_finetune/natives/run115_batch_0020A3001_TTDVKAAVI_model_1_model_1.pdb	0:0;1:1;2:2;3:3;4:4;5:5;6:6;7:7;8:8;9:9;10:10;11:11;12:12;13:13;14:14;15:15;16:16;17:17;18:18;19:19;20:20;21:21;22:22;23:23;24:24;25:25;26:26;27:27;28:28;29:29;30:30;31:31;32:32;33:33;34:34;35:35;36:36;37:37;38:38;39:39;40:40;41:41;42:42;43:43;44:44;45:45;46:46;47:47;48:48;49:49;50:50;51:51;52:52;53:53;54:54;55:55;56:56;57:57;58:58;59:59;60:60;61:61;62:62;63:63;64:64;65:65;66:66;67:67;68:68;69:69;70:70;71:71;72:72;73:73;74:74;75:75;76:76;77:77;78:78;79:79;80:80;81:81;82:82;83:83;84:84;85:85;86:86;87:87;88:88;89:89;90:90;91:91;92:92;93:93;94:94;95:95;96:96;97:97;98:98;99:99;100:100;101:101;102:102;103:103;104:104;105:105;106:106;107:107;108:108;109:109;110:110;111:111;112:112;113:113;114:114;115:115;116:116;117:117;118:118;119:119;120:120;121:121;122:122;123:123;124:124;125:125;126:126;127:127;128:128;129:129;130:130;131:131;132:132;133:133;134:134;135:135;136:136;137:137;138:138;139:139;140:140;141:141;142:142;143:143;144:144;145:145;146:146;147:147;148:148;149:149;150:150;151:151;152:152;153:153;154:154;155:155;156:156;157:157;158:158;159:159;160:160;161:161;162:162;163:163;164:164;165:165;166:166;167:167;168:168;169:169;170:170;171:171;172:172;173:173;174:174	0	183;182;181;180;179;178;177;176;175	False	0		
A2402_AVYLLDGLR	GSHSMRYFSTSVSRPGRGEPRFIAVGYVDDTQFVRFDSDAASQRMEPRAPWIEQEGPEYWDEETGKVKAHSQTDRENLRIALRYYNQSEAGSHTLQMMFGCDVGSDGRFLRGYHQYAYDGKDYIALKEDLRSWTAADMAAQITKRKWEAAHVAEQQRAYLEGTCVDGLRRYLENG/AVYLLDGLR	examples/tiny_pmhc_finetune/alignments/A2402_alignments.tsv	examples/tiny_pmhc_finetune/natives/run115_batch_0568A2402_AVYLLDGLR_model_1_model_1.pdb	0:0;1:1;2:2;3:3;4:4;5:5;6:6;7:7;8:8;9:9;10:10;11:11;12:12;13:13;14:14;15:15;16:16;17:17;18:18;19:19;20:20;21:21;22:22;23:23;24:24;25:25;26:26;27:27;28:28;29:29;30:30;31:31;32:32;33:33;34:34;35:35;36:36;37:37;38:38;39:39;40:40;41:41;42:42;43:43;44:44;45:45;46:46;47:47;48:48;49:49;50:50;51:51;52:52;53:53;54:54;55:55;56:56;57:57;58:58;59:59;60:60;61:61;62:62;63:63;64:64;65:65;66:66;67:67;68:68;69:69;70:70;71:71;72:72;73:73;74:74;75:75;76:76;77:77;78:78;79:79;80:80;81:81;82:82;83:83;84:84;85:85;86:86;87:87;88:88;89:89;90:90;91:91;92:92;93:93;94:94;95:95;96:96;97:97;98:98;99:99;100:100;101:101;102:102;103:103;104:104;105:105;106:106;107:107;108:108;109:109;110:110;111:111;112:112;113:113;114:114;115:115;116:116;117:117;118:118;119:119;120:120;121:121;122:122;123:123;124:124;125:125;126:126;127:127;128:128;129:129;130:130;131:131;132:132;133:133;134:134;135:135;136:136;137:137;138:138;139:139;140:140;141:141;142:142;143:143;144:144;145:145;146:146;147:147;148:148;149:149;150:150;151:151;152:152;153:153;154:154;155:155;156:156;157:157;158:158;159:159;160:160;161:161;162:162;163:163;164:164;165:165;166:166;167:167;168:168;169:169;170:170;171:171;172:172;173:173;174:174	1	183;182;181;180;179;178;177;176;175	False	0		
A3101_KDRNWFDGK	GSHSMRYFTTSVSRPGRGEPRFIAVGYVDDTQFVRFDSDAASQRMEPRAPWIEQERPEYWDQETRNVKAHSQIDRVDLGTLRGYYNQSEAGSHTIQMMYGCDVGSDGRFLRGYQQDAYDGKDYIALNEDLRSWTAADMAAQITQRKWEAARVAEQLRAYLEGTCVEWLRRYLENG/KDRNWFDGK	examples/tiny_pmhc_finetune/alignments/A3101_alignments.tsv	examples/tiny_pmhc_finetune/natives/run115_batch_0583A3101_KDRNWFDGK_model_1_model_1.pdb	0:0;1:1;2:2;3:3;4:4;5:5;6:6;7:7;8:8;9:9;10:10;11:11;12:12;13:13;14:14;15:15;16:16;17:17;18:18;19:19;20:20;21:21;22:22;23:23;24:24;25:25;26:26;27:27;28:28;29:29;30:30;31:31;32:32;33:33;34:34;35:35;36:36;37:37;38:38;39:39;40:40;41:41;42:42;43:43;44:44;45:45;46:46;47:47;48:48;49:49;50:50;51:51;52:52;53:53;54:54;55:55;56:56;57:57;58:58;59:59;60:60;61:61;62:62;63:63;64:64;65:65;66:66;67:67;68:68;69:69;70:70;71:71;72:72;73:73;74:74;75:75;76:76;77:77;78:78;79:79;80:80;81:81;82:82;83:83;84:84;85:85;86:86;87:87;88:88;89:89;90:90;91:91;92:92;93:93;94:94;95:95;96:96;97:97;98:98;99:99;100:100;101:101;102:102;103:103;104:104;105:105;106:106;107:107;108:108;109:109;110:110;111:111;112:112;113:113;114:114;115:115;116:116;117:117;118:118;119:119;120:120;121:121;122:122;123:123;124:124;125:125;126:126;127:127;128:128;129:129;130:130;131:131;132:132;133:133;134:134;135:135;136:136;137:137;138:138;139:139;140:140;141:141;142:142;143:143;144:144;145:145;146:146;147:147;148:148;149:149;150:150;151:151;152:152;153:153;154:154;155:155;156:156;157:157;158:158;159:159;160:160;161:161;162:162;163:163;164:164;165:165;166:166;167:167;168:168;169:169;170:170;171:171;172:172;173:173;174:174	0	183;182;181;180;179;178;177;176;175	False	0		
A0206_RPRGEVRFL	GSHSMRYFYTSVSRPGRGEPRFIAVGYVDDTQFVRFDSDAASQRMEPRAPWIEQEGPEYWDGETRKVKAHSQTHRVDLGTLRGYYNQSEAGSHTVQRMYGCDVGSDWRFLRGYHQYAYDGKDYIALKEDLRSWTAADMAAQTTKHKWEAAHVAEQLRAYLEGTCVEWLRRYLENG/RPRGEVRFL	examples/tiny_pmhc_finetune/alignments/A0206_alignments.tsv	examples/tiny_pmhc_finetune/natives/run115_batch_0265A0206_RPRGEVRFL_model_1_model_1.pdb	0:0;1:1;2:2;3:3;4:4;5:5;6:6;7:7;8:8;9:9;10:10;11:11;12:12;13:13;14:14;15:15;16:16;17:17;18:18;19:19;20:20;21:21;22:22;23:23;24:24;25:25;26:26;27:27;28:28;29:29;30:30;31:31;32:32;33:33;34:34;35:35;36:36;37:37;38:38;39:39;40:40;41:41;42:42;43:43;44:44;45:45;46:46;47:47;48:48;49:49;50:50;51:51;52:52;53:53;54:54;55:55;56:56;57:57;58:58;59:59;60:60;61:61;62:62;63:63;64:64;65:65;66:66;67:67;68:68;69:69;70:70;71:71;72:72;73:73;74:74;75:75;76:76;77:77;78:78;79:79;80:80;81:81;82:82;83:83;84:84;85:85;86:86;87:87;88:88;89:89;90:90;91:91;92:92;93:93;94:94;95:95;96:96;97:97;98:98;99:99;100:100;101:101;102:102;103:103;104:104;105:105;106:106;107:107;108:108;109:109;110:110;111:111;112:112;113:113;114:114;115:115;116:116;117:117;118:118;119:119;120:120;121:121;122:122;123:123;124:124;125:125;126:126;127:127;128:128;129:129;130:130;131:131;132:132;133:133;134:134;135:135;136:136;137:137;138:138;139:139;140:140;141:141;142:142;143:143;144:144;145:145;146:146;147:147;148:148;149:149;150:150;151:151;152:152;153:153;154:154;155:155;156:156;157:157;158:158;159:159;160:160;161:161;162:162;163:163;164:164;165:165;166:166;167:167;168:168;169:169;170:170;171:171;172:172;173:173;174:174	0	183;182;181;180;179;178;177;176;175	False	0		
A0206_AEESLSLEA	GSHSMRYFYTSVSRPGRGEPRFIAVGYVDDTQFVRFDSDAASQRMEPRAPWIEQEGPEYWDGETRKVKAHSQTHRVDLGTLRGYYNQSEAGSHTVQRMYGCDVGSDWRFLRGYHQYAYDGKDYIALKEDLRSWTAADMAAQTTKHKWEAAHVAEQLRAYLEGTCVEWLRRYLENG/AEESLSLEA	examples/tiny_pmhc_finetune/alignments/A0206_alignments.tsv	examples/tiny_pmhc_finetune/natives/run115_batch_0413A0206_AEESLSLEA_model_1_model_1.pdb	0:0;1:1;2:2;3:3;4:4;5:5;6:6;7:7;8:8;9:9;10:10;11:11;12:12;13:13;14:14;15:15;16:16;17:17;18:18;19:19;20:20;21:21;22:22;23:23;24:24;25:25;26:26;27:27;28:28;29:29;30:30;31:31;32:32;33:33;34:34;35:35;36:36;37:37;38:38;39:39;40:40;41:41;42:42;43:43;44:44;45:45;46:46;47:47;48:48;49:49;50:50;51:51;52:52;53:53;54:54;55:55;56:56;57:57;58:58;59:59;60:60;61:61;62:62;63:63;64:64;65:65;66:66;67:67;68:68;69:69;70:70;71:71;72:72;73:73;74:74;75:75;76:76;77:77;78:78;79:79;80:80;81:81;82:82;83:83;84:84;85:85;86:86;87:87;88:88;89:89;90:90;91:91;92:92;93:93;94:94;95:95;96:96;97:97;98:98;99:99;100:100;101:101;102:102;103:103;104:104;105:105;106:106;107:107;108:108;109:109;110:110;111:111;112:112;113:113;114:114;115:115;116:116;117:117;118:118;119:119;120:120;121:121;122:122;123:123;124:124;125:125;126:126;127:127;128:128;129:129;130:130;131:131;132:132;133:133;134:134;135:135;136:136;137:137;138:138;139:139;140:140;141:141;142:142;143:143;144:144;145:145;146:146;147:147;148:148;149:149;150:150;151:151;152:152;153:153;154:154;155:155;156:156;157:157;158:158;159:159;160:160;161:161;162:162;163:163;164:164;165:165;166:166;167:167;168:168;169:169;170:170;171:171;172:172;173:173;174:174	0	183;182;181;180;179;178;177;176;175	False	0		
B0801_KDTWLDARM	GSHSMRYFDTAMSRPGRGEPRFISVGYVDDTQFVRFDSDAASPREEPRAPWIEQEGPEYWDRNTQIFKTNTQTDRESLRNLRGYYNQSEAGSHTLQSMYGCDVGPDGRLLRGHNQYAYDGKDYIALNEDLRSWTAADTAAQITQRKWEAARVAEQDRAYLEGTCVEWLRRYLENG/KDTWLDARM	examples/tiny_pmhc_finetune/alignments/B0801_alignments.tsv	examples/tiny_pmhc_finetune/natives/run115_batch_0362B0801_KDTWLDARM_model_1_model_1.pdb	0:0;1:1;2:2;3:3;4:4;5:5;6:6;7:7;8:8;9:9;10:10;11:11;12:12;13:13;14:14;15:15;16:16;17:17;18:18;19:19;20:20;21:21;22:22;23:23;24:24;25:25;26:26;27:27;28:28;29:29;30:30;31:31;32:32;33:33;34:34;35:35;36:36;37:37;38:38;39:39;40:40;41:41;42:42;43:43;44:44;45:45;46:46;47:47;48:48;49:49;50:50;51:51;52:52;53:53;54:54;55:55;56:56;57:57;58:58;59:59;60:60;61:61;62:62;63:63;64:64;65:65;66:66;67:67;68:68;69:69;70:70;71:71;72:72;73:73;74:74;75:75;76:76;77:77;78:78;79:79;80:80;81:81;82:82;83:83;84:84;85:85;86:86;87:87;88:88;89:89;90:90;91:91;92:92;93:93;94:94;95:95;96:96;97:97;98:98;99:99;100:100;101:101;102:102;103:103;104:104;105:105;106:106;107:107;108:108;109:109;110:110;111:111;112:112;113:113;114:114;115:115;116:116;117:117;118:118;119:119;120:120;121:121;122:122;123:123;124:124;125:125;126:126;127:127;128:128;129:129;130:130;131:131;132:132;133:133;134:134;135:135;136:136;137:137;138:138;139:139;140:140;141:141;142:142;143:143;144:144;145:145;146:146;147:147;148:148;149:149;150:150;151:151;152:152;153:153;154:154;155:155;156:156;157:157;158:158;159:159;160:160;161:161;162:162;163:163;164:164;165:165;166:166;167:167;168:168;169:169;170:170;171:171;172:172;173:173;174:174	0	183;182;181;180;179;178;177;176;175	False	0		
A0203_GIPHPAGLK	GSHSMRYFFTSVSRPGRGEPRFIAVGYVDDTQFVRFDSDAASQRMEPRAPWIEQEGPEYWDGETRKVKAHSQTHRVDLGTLRGYYNQSEAGSHTVQRMYGCDVGSDWRFLRGYHQYAYDGKDYIALKEDLRSWTAADMAAQTTKHKWETAHEAEQWRAYLEGTCVEWLRRYLENG/GIPHPAGLK	examples/tiny_pmhc_finetune/alignments/A0203_alignments.tsv	examples/tiny_pmhc_finetune/natives/run115_batch_0305A0203_GIPHPAGLK_model_1_model_1.pdb	0:0;1:1;2:2;3:3;4:4;5:5;6:6;7:7;8:8;9:9;10:10;11:11;12:12;13:13;14:14;15:15;16:16;17:17;18:18;19:19;20:20;21:21;22:22;23:23;24:24;25:25;26:26;27:27;28:28;29:29;30:30;31:31;32:32;33:33;34:34;35:35;36:36;37:37;38:38;39:39;40:40;41:41;42:42;43:43;44:44;45:45;46:46;47:47;48:48;49:49;50:50;51:51;52:52;53:53;54:54;55:55;56:56;57:57;58:58;59:59;60:60;61:61;62:62;63:63;64:64;65:65;66:66;67:67;68:68;69:69;70:70;71:71;72:72;73:73;74:74;75:75;76:76;77:77;78:78;79:79;80:80;81:81;82:82;83:83;84:84;85:85;86:86;87:87;88:88;89:89;90:90;91:91;92:92;93:93;94:94;95:95;96:96;97:97;98:98;99:99;100:100;101:101;102:102;103:103;104:104;105:105;106:106;107:107;108:108;109:109;110:110;111:111;112:112;113:113;114:114;115:115;116:116;117:117;118:118;119:119;120:120;121:121;122:122;123:123;124:124;125:125;126:126;127:127;128:128;129:129;130:130;131:131;132:132;133:133;134:134;135:135;136:136;137:137;138:138;139:139;140:140;141:141;142:142;143:143;144:144;145:145;146:146;147:147;148:148;149:149;150:150;151:151;152:152;153:153;154:154;155:155;156:156;157:157;158:158;159:159;160:160;161:161;162:162;163:163;164:164;165:165;166:166;167:167;168:168;169:169;170:170;171:171;172:172;173:173;174:174	0	183;182;181;180;179;178;177;176;175	False	0		
A3101_IQFMMSRRR	GSHSMRYFTTSVSRPGRGEPRFIAVGYVDDTQFVRFDSDAASQRMEPRAPWIEQERPEYWDQETRNVKAHSQIDRVDLGTLRGYYNQSEAGSHTIQMMYGCDVGSDGRFLRGYQQDAYDGKDYIALNEDLRSWTAADMAAQITQRKWEAARVAEQLRAYLEGTCVEWLRRYLENG/IQFMMSRRR	examples/tiny_pmhc_finetune/alignments/A3101_alignments.tsv	examples/tiny_pmhc_finetune/natives/run115_batch_0531A3101_IQFMMSRRR_model_1_model_1.pdb	0:0;1:1;2:2;3:3;4:4;5:5;6:6;7:7;8:8;9:9;10:10;11:11;12:12;13:13;14:14;15:15;16:16;17:17;18:18;19:19;20:20;21:21;22:22;23:23;24:24;25:25;26:26;27:27;28:28;29:29;30:30;31:31;32:32;33:33;34:34;35:35;36:36;37:37;38:38;39:39;40:40;41:41;42:42;43:43;44:44;45:45;46:46;47:47;48:48;49:49;50:50;51:51;52:52;53:53;54:54;55:55;56:56;57:57;58:58;59:59;60:60;61:61;62:62;63:63;64:64;65:65;66:66;67:67;68:68;69:69;70:70;71:71;72:72;73:73;74:74;75:75;76:76;77:77;78:78;79:79;80:80;81:81;82:82;83:83;84:84;85:85;86:86;87:87;88:88;89:89;90:90;91:91;92:92;93:93;94:94;95:95;96:96;97:97;98:98;99:99;100:100;101:101;102:102;103:103;104:104;105:105;106:106;107:107;108:108;109:109;110:110;111:111;112:112;113:113;114:114;115:115;116:116;117:117;118:118;119:119;120:120;121:121;122:122;123:123;124:124;125:125;126:126;127:127;128:128;129:129;130:130;131:131;132:132;133:133;134:134;135:135;136:136;137:137;138:138;139:139;140:140;141:141;142:142;143:143;144:144;145:145;146:146;147:147;148:148;149:149;150:150;151:151;152:152;153:153;154:154;155:155;156:156;157:157;158:158;159:159;160:160;161:161;162:162;163:163;164:164;165:165;166:166;167:167;168:168;169:169;170:170;171:171;172:172;173:173;174:174	1	183;182;181;180;179;178;177;176;175	False	0		
B5801_LEKARGSTY	GSHSMRYFYTAMSRPGRGEPRFIAVGYVDDTQFVRFDSDAASPRTEPRAPWIEQEGPEYWDGETRNMKASAQTYRENLRIALRYYNQSEAGSHIIQRMYGCDLGPDGRLLRGHDQSAYDGKDYIALNEDLSSWTAADTAAQITQRKWEAARVAEQLRAYLEGLCVEWLRRYLENG/LEKARGSTY	examples/tiny_pmhc_finetune/alignments/B5801_alignments.tsv	examples/tiny_pmhc_finetune/natives/run115_batch_0414B5801_LEKARGSTY_model_1_model_1.pdb	0:0;1:1;2:2;3:3;4:4;5:5;6:6;7:7;8:8;9:9;10:10;11:11;12:12;13:13;14:14;15:15;16:16;17:17;18:18;19:19;20:20;21:21;22:22;23:23;24:24;25:25;26:26;27:27;28:28;29:29;30:30;31:31;32:32;33:33;34:34;35:35;36:36;37:37;38:38;39:39;40:40;41:41;42:42;43:43;44:44;45:45;46:46;47:47;48:48;49:49;50:50;51:51;52:52;53:53;54:54;55:55;56:56;57:57;58:58;59:59;60:60;61:61;62:62;63:63;64:64;65:65;66:66;67:67;68:68;69:69;70:70;71:71;72:72;73:73;74:74;75:75;76:76;77:77;78:78;79:79;80:80;81:81;82:82;83:83;84:84;85:85;86:86;87:87;88:88;89:89;90:90;91:91;92:92;93:93;94:94;95:95;96:96;97:97;98:98;99:99;100:100;101:101;102:102;103:103;104:104;105:105;106:106;107:107;108:108;109:109;110:110;111:111;112:112;113:113;114:114;115:115;116:116;117:117;118:118;119:119;120:120;121:121;122:122;123:123;124:124;125:125;126:126;127:127;128:128;129:129;130:130;131:131;132:132;133:133;134:134;135:135;136:136;137:137;138:138;139:139;140:140;141:141;142:142;143:143;144:144;145:145;146:146;147:147;148:148;149:149;150:150;151:151;152:152;153:153;154:154;155:155;156:156;157:157;158:158;159:159;160:160;161:161;162:162;163:163;164:164;165:165;166:166;167:167;168:168;169:169;170:170;171:171;172:172;173:173;174:174	0	183;182;181;180;179;178;177;176;175	False	0		
A0203_SRLKPSSFK	GSHSMRYFFTSVSRPGRGEPRFIAVGYVDDTQFVRFDSDAASQRMEPRAPWIEQEGPEYWDGETRKVKAHSQTHRVDLGTLRGYYNQSEAGSHTVQRMYGCDVGSDWRFLRGYHQYAYDGKDYIALKEDLRSWTAADMAAQTTKHKWETAHEAEQWRAYLEGTCVEWLRRYLENG/SRLKPSSFK	examples/tiny_pmhc_finetune/alignments/A0203_alignments.tsv	examples/tiny_pmhc_finetune/natives/run115_batch_0783A0203_SRLKPSSFK_model_1_model_1.pdb	0:0;1:1;2:2;3:3;4:4;5:5;6:6;7:7;8:8;9:9;10:10;11:11;12:12;13:13;14:14;15:15;16:16;17:17;18:18;19:19;20:20;21:21;22:22;23:23;24:24;25:25;26:26;27:27;28:28;29:29;30:30;31:31;32:32;33:33;34:34;35:35;36:36;37:37;38:38;39:39;40:40;41:41;42:42;43:43;44:44;45:45;46:46;47:47;48:48;49:49;50:50;51:51;52:52;53:53;54:54;55:55;56:56;57:57;58:58;59:59;60:60;61:61;62:62;63:63;64:64;65:65;66:66;67:67;68:68;69:69;70:70;71:71;72:72;73:73;74:74;75:75;76:76;77:77;78:78;79:79;80:80;81:81;82:82;83:83;84:84;85:85;86:86;87:87;88:88;89:89;90:90;91:91;92:92;93:93;94:94;95:95;96:96;97:97;98:98;99:99;100:100;101:101;102:102;103:103;104:104;105:105;106:106;107:107;108:108;109:109;110:110;111:111;112:112;113:113;114:114;115:115;116:116;117:117;118:118;119:119;120:120;121:121;122:122;123:123;124:124;125:125;126:126;127:127;128:128;129:129;130:130;131:131;132:132;133:133;134:134;135:135;136:136;137:137;138:138;139:139;140:140;141:141;142:142;143:143;144:144;145:145;146:146;147:147;148:148;149:149;150:150;151:151;152:152;153:153;154:154;155:155;156:156;157:157;158:158;159:159;160:160;161:161;162:162;163:163;164:164;165:165;166:166;167:167;168:168;169:169;170:170;171:171;172:172;173:173;174:174	0	183;182;181;180;179;178;177;176;175	False	0		
A2403_AGVESAVLR	GSHSMRYFSTSVSRPGRGEPRFIAVGYVDDTQFVRFDSDAASQRMEPRAPWIEQEGPEYWDEETGKVKAHSQTDRENLRIALRYYNQSEAGSHTLQMMFGCDVGSDGRFLRGYHQYAYDGKDYIALKEDLRSWTAADMAAQITKRKWEAAHVAEQQRAYLEGTCVEWLRRYLENG/AGVESAVLR	examples/tiny_pmhc_finetune/alignments/A2403_alignments.tsv	examples/tiny_pmhc_finetune/natives/run115_batch_0289A2403_AGVESAVLR_model_1_model_1.pdb	0:0;1:1;2:2;3:3;4:4;5:5;6:6;7:7;8:8;9:9;10:10;11:11;12:12;13:13;14:14;15:15;16:16;17:17;18:18;19:19;20:20;21:21;22:22;23:23;24:24;25:25;26:26;27:27;28:28;29:29;30:30;31:31;32:32;33:33;34:34;35:35;36:36;37:37;38:38;39:39;40:40;41:41;42:42;43:43;44:44;45:45;46:46;47:47;48:48;49:49;50:50;51:51;52:52;53:53;54:54;55:55;56:56;57:57;58:58;59:59;60:60;61:61;62:62;63:63;64:64;65:65;66:66;67:67;68:68;69:69;70:70;71:71;72:72;73:73;74:74;75:75;76:76;77:77;78:78;79:79;80:80;81:81;82:82;83:83;84:84;85:85;86:86;87:87;88:88;89:89;90:90;91:91;92:92;93:93;94:94;95:95;96:96;97:97;98:98;99:99;100:100;101:101;102:102;103:103;104:104;105:105;106:106;107:107;108:108;109:109;110:110;111:111;112:112;113:113;114:114;115:115;116:116;117:117;118:118;119:119;120:120;121:121;122:122;123:123;124:124;125:125;126:126;127:127;128:128;129:129;130:130;131:131;132:132;133:133;134:134;135:135;136:136;137:137;138:138;139:139;140:140;141:141;142:142;143:143;144:144;145:145;146:146;147:147;148:148;149:149;150:150;151:151;152:152;153:153;154:154;155:155;156:156;157:157;158:158;159:159;160:160;161:161;162:162;163:163;164:164;165:165;166:166;167:167;168:168;169:169;170:170;171:171;172:172;173:173;174:174	0	183;182;181;180;179;178;177;176;175	False	0		
B0801_MRGAKRMAI	GSHSMRYFDTAMSRPGRGEPRFISVGYVDDTQFVRFDSDAASPREEPRAPWIEQEGPEYWDRNTQIFKTNTQTDRESLRNLRGYYNQSEAGSHTLQSMYGCDVGPDGRLLRGHNQYAYDGKDYIALNEDLRSWTAADTAAQITQRKWEAARVAEQDRAYLEGTCVEWLRRYLENG/MRGAKRMAI	examples/tiny_pmhc_finetune/alignments/B0801_alignments.tsv	examples/tiny_pmhc_finetune/natives/run115_batch_0061B0801_MRGAKRMAI_model_1_model_1.pdb	0:0;1:1;2:2;3:3;4:4;5:5;6:6;7:7;8:8;9:9;10:10;11:11;12:12;13:13;14:14;15:15;16:16;17:17;18:18;19:19;20:20;21:21;22:22;23:23;24:24;25:25;26:26;27:27;28:28;29:29;30:30;31:31;32:32;33:33;34:34;35:35;36:36;37:37;38:38;39:39;40:40;41:41;42:42;43:43;44:44;45:45;46:46;47:47;48:48;49:49;50:50;51:51;52:52;53:53;54:54;55:55;56:56;57:57;58:58;59:59;60:60;61:61;62:62;63:63;64:64;65:65;66:66;67:67;68:68;69:69;70:70;71:71;72:72;73:73;74:74;75:75;76:76;77:77;78:78;79:79;80:80;81:81;82:82;83:83;84:84;85:85;86:86;87:87;88:88;89:89;90:90;91:91;92:92;93:93;94:94;95:95;96:96;97:97;98:98;99:99;100:100;101:101;102:102;103:103;104:104;105:105;106:106;107:107;108:108;109:109;110:110;111:111;112:112;113:113;114:114;115:115;116:116;117:117;118:118;119:119;120:120;121:121;122:122;123:123;124:124;125:125;126:126;127:127;128:128;129:129;130:130;131:131;132:132;133:133;134:134;135:135;136:136;137:137;138:138;139:139;140:140;141:141;142:142;143:143;144:144;145:145;146:146;147:147;148:148;149:149;150:150;151:151;152:152;153:153;154:154;155:155;156:156;157:157;158:158;159:159;160:160;161:161;162:162;163:163;164:164;165:165;166:166;167:167;168:168;169:169;170:170;171:171;172:172;173:173;174:174	1	183;182;181;180;179;178;177;176;175	False	0		
A6801_KIRLRPGGK	GSHSMRYFYTSVSRPGRGEPRFIAVGYVDDTQFVRFDSDAASQRMEPRAPWIEQEGPEYWDRNTRNVKAQSQTDRVDLGTLRGYYNQSEAGSHTIQMMYGCDVGSDGRFLRGYRQDAYDGKDYIALKEDLRSWTAADMAAQTTKHKWEAAHVAEQWRAYLEGTCVEWLRRYLENG/KIRLRPGGK	examples/tiny_pmhc_finetune/alignments/A6801_alignments.tsv	examples/tiny_pmhc_finetune/natives/run115_batch_0193A6801_KIRLRPGGK_model_1_model_1.pdb	0:0;1:1;2:2;3:3;4:4;5:5;6:6;7:7;8:8;9:9;10:10;11:11;12:12;13:13;14:14;15:15;16:16;17:17;18:18;19:19;20:20;21:21;22:22;23:23;24:24;25:25;26:26;27:27;28:28;29:29;30:30;31:31;32:32;33:33;34:34;35:35;36:36;37:37;38:38;39:39;40:40;41:41;42:42;43:43;44:44;45:45;46:46;47:47;48:48;49:49;50:50;51:51;52:52;53:53;54:54;55:55;56:56;57:57;58:58;59:59;60:60;61:61;62:62;63:63;64:64;65:65;66:66;67:67;68:68;69:69;70:70;71:71;72:72;73:73;74:74;75:75;76:76;77:77;78:78;79:79;80:80;81:81;82:82;83:83;84:84;85:85;86:86;87:87;88:88;89:89;90:90;91:91;92:92;93:93;94:94;95:95;96:96;97:97;98:98;99:99;100:100;101:101;102:102;103:103;104:104;105:105;106:106;107:107;108:108;109:109;110:110;111:111;112:112;113:113;114:114;115:115;116:116;117:117;118:118;119:119;120:120;121:121;122:122;123:123;124:124;125:125;126:126;127:127;128:128;129:129;130:130;131:131;132:132;133:133;134:134;135:135;136:136;137:137;138:138;139:139;140:140;141:141;142:142;143:143;144:144;145:145;146:146;147:147;148:148;149:149;150:150;151:151;152:152;153:153;154:154;155:155;156:156;157:157;158:158;159:159;160:160;161:161;162:162;163:163;164:164;165:165;166:166;167:167;168:168;169:169;170:170;171:171;172:172;173:173;174:174	0	183;182;181;180;179;178;177;176;175	False	0		
A0206_HPNIEEVAL	GSHSMRYFYTSVSRPGRGEPRFIAVGYVDDTQFVRFDSDAASQRMEPRAPWIEQEGPEYWDGETRKVKAHSQTHRVDLGTLRGYYNQSEAGSHTVQRMYGCDVGSDWRFLRGYHQYAYDGKDYIALKEDLRSWTAADMAAQTTKHKWEAAHVAEQLRAYLEGTCVEWLRRYLENG/HPNIEEVAL	examples/tiny_pmhc_finetune/alignments/A0206_alignments.tsv	examples/tiny_pmhc_finetune/natives/run115_batch_0546A0206_HPNIEEVAL_model_1_model_1.pdb	0:0;1:1;2:2;3:3;4:4;5:5;6:6;7:7;8:8;9:9;10:10;11:11;12:12;13:13;14:14;15:15;16:16;17:17;18:18;19:19;20:20;21:21;22:22;23:23;24:24;25:25;26:26;27:27;28:28;29:29;30:30;31:31;32:32;33:33;34:34;35:35;36:36;37:37;38:38;39:39;40:40;41:41;42:42;43:43;44:44;45:45;46:46;47:47;48:48;49:49;50:50;51:51;52:52;53:53;54:54;55:55;56:56;57:57;58:58;59:59;60:60;61:61;62:62;63:63;64:64;65:65;66:66;67:67;68:68;69:69;70:70;71:71;72:72;73:73;74:74;75:75;76:76;77:77;78:78;79:79;80:80;81:81;82:82;83:83;84:84;85:85;86:86;87:87;88:88;89:89;90:90;91:91;92:92;93:93;94:94;95:95;96:96;97:97;98:98;99:99;100:100;101:101;102:102;103:103;104:104;105:105;106:106;107:107;108:108;109:109;110:110;111:111;112:112;113:113;114:114;115:115;116:116;117:117;118:118;119:119;120:120;121:121;122:122;123:123;124:124;125:125;126:126;127:127;128:128;129:129;130:130;131:131;132:132;133:133;134:134;135:135;136:136;137:137;138:138;139:139;140:140;141:141;142:142;143:143;144:144;145:145;146:146;147:147;148:148;149:149;150:150;151:151;152:152;153:153;154:154;155:155;156:156;157:157;158:158;159:159;160:160;161:161;162:162;163:163;164:164;165:165;166:166;167:167;168:168;169:169;170:170;171:171;172:172;173:173;174:174	0	183;182;181;180;179;178;177;176;175	False	0		
A3301_NSKYSYELY	GSHSMRYFTTSVSRPGRGEPRFIAVGYVDDTQFVRFDSDAASQRMEPRAPWIEQEGPEYWDRNTRNVKAHSQIDRVDLGTLRGYYNQSEAGSHTIQMMYGCDVGSDGRFLRGYQQDAYDGKDYIALNEDLRSWTAADMAAQITQRKWEAARVAEQLRAYLEGTCVEWLRRHLENG/NSKYSYELY	examples/tiny_pmhc_finetune/alignments/A3301_alignments.tsv	examples/tiny_pmhc_finetune/natives/run115_batch_0422A3301_NSKYSYELY_model_1_model_1.pdb	0:0;1:1;2:2;3:3;4:4;5:5;6:6;7:7;8:8;9:9;10:10;11:11;12:12;13:13;14:14;15:15;16:16;17:17;18:18;19:19;20:20;21:21;22:22;23:23;24:24;25:25;26:26;27:27;28:28;29:29;30:30;31:31;32:32;33:33;34:34;35:35;36:36;37:37;38:38;39:39;40:40;41:41;42:42;43:43;44:44;45:45;46:46;47:47;48:48;49:49;50:50;51:51;52:52;53:53;54:54;55:55;56:56;57:57;58:58;59:59;60:60;61:61;62:62;63:63;64:64;65:65;66:66;67:67;68:68;69:69;70:70;71:71;72:72;73:73;74:74;75:75;76:76;77:77;78:78;79:79;80:80;81:81;82:82;83:83;84:84;85:85;86:86;87:87;88:88;89:89;90:90;91:91;92:92;93:93;94:94;95:95;96:96;97:97;98:98;99:99;100:100;101:101;102:102;103:103;104:104;105:105;106:106;107:107;108:108;109:109;110:110;111:111;112:112;113:113;114:114;115:115;116:116;117:117;118:118;119:119;120:120;121:121;122:122;123:123;124:124;125:125;126:126;127:127;128:128;129:129;130:130;131:131;132:132;133:133;134:134;135:135;136:136;137:137;138:138;139:139;140:140;141:141;142:142;143:143;144:144;145:145;146:146;147:147;148:148;149:149;150:150;151:151;152:152;153:153;154:154;155:155;156:156;157:157;158:158;159:159;160:160;161:161;162:162;163:163;164:164;165:165;166:166;167:167;168:168;169:169;170:170;171:171;172:172;173:173;174:174	0	183;182;181;180;179;178;177;176;175	False	0		
ILWQVPFSV	GSHSMRYFFTSVSRPGRGEPRFIAVGYVDDTQFVRFDSDAASQRMEPRAPWIEQEGPEYWDGETRKVKAHSQTHRVDLGTLRGYYNQSEAGSHTVQRMYGCDVGSDWRFLRGYHQYAYDGKDYIALKEDLRSWTAADMAAQTTKHKWEAAHVAEQLRAYLEGTCVEWLRRYLENGKETLQR/ILWQVPFSV	examples/tiny_pmhc_finetune/alignments/alignments.tsv	examples/tiny_pmhc_finetune/natives/run115_batch_0449ILWQVPFSV_model_1_model_1.pdb	0:0;1:1;2:2;3:3;4:4;5:5;6:6;7:7;8:8;9:9;10:10;11:11;12:12;13:13;14:14;15:15;16:16;17:17;18:18;19:19;20:20;21:21;22:22;23:23;24:24;25:25;26:26;27:27;28:28;29:29;30:30;31:31;32:32;33:33;34:34;35:35;36:36;37:37;38:38;39:39;40:40;41:41;42:42;43:43;44:44;45:45;46:46;47:47;48:48;49:49;50:50;51:51;52:52;53:53;54:54;55:55;56:56;57:57;58:58;59:59;60:60;61:61;62:62;63:63;64:64;65:65;66:66;67:67;68:68;69:69;70:70;71:71;72:72;73:73;74:74;75:75;76:76;77:77;78:78;79:79;80:80;81:81;82:82;83:83;84:84;85:85;86:86;87:87;88:88;89:89;90:90;91:91;92:92;93:93;94:94;95:95;96:96;97:97;98:98;99:99;100:100;101:101;102:102;103:103;104:104;105:105;106:106;107:107;108:108;109:109;110:110;111:111;112:112;113:113;114:114;115:115;116:116;117:117;118:118;119:119;120:120;121:121;122:122;123:123;124:124;125:125;126:126;127:127;128:128;129:129;130:130;131:131;132:132;133:133;134:134;135:135;136:136;137:137;138:138;139:139;140:140;141:141;142:142;143:143;144:144;145:145;146:146;147:147;148:148;149:149;150:150;151:151;152:152;153:153;154:154;155:155;156:156;157:157;158:158;159:159;160:160;161:161;162:162;163:163;164:164;165:165;166:166;167:167;168:168;169:169;170:170;171:171;172:172;173:173;174:174;175:175;176:176;177:177;178:178;179:179;180:180	1	189;188;187;186;185;184;183;182;181	False	0		
B5801_AFHHIAREK	GSHSMRYFYTAMSRPGRGEPRFIAVGYVDDTQFVRFDSDAASPRTEPRAPWIEQEGPEYWDGETRNMKASAQTYRENLRIALRYYNQSEAGSHIIQRMYGCDLGPDGRLLRGHDQSAYDGKDYIALNEDLSSWTAADTAAQITQRKWEAARVAEQLRAYLEGLCVEWLRRYLENG/AFHHIAREK	examples/tiny_pmhc_finetune/alignments/B5801_alignments.tsv	examples/tiny_pmhc_finetune/natives/run115_batch_0390B5801_AFHHIAREK_model_1_model_1.pdb	0:0;1:1;2:2;3:3;4:4;5:5;6:6;7:7;8:8;9:9;10:10;11:11;12:12;13:13;14:14;15:15;16:16;17:17;18:18;19:19;20:20;21:21;22:22;23:23;24:24;25:25;26:26;27:27;28:28;29:29;30:30;31:31;32:32;33:33;34:34;35:35;36:36;37:37;38:38;39:39;40:40;41:41;42:42;43:43;44:44;45:45;46:46;47:47;48:48;49:49;50:50;51:51;52:52;53:53;54:54;55:55;56:56;57:57;58:58;59:59;60:60;61:61;62:62;63:63;64:64;65:65;66:66;67:67;68:68;69:69;70:70;71:71;72:72;73:73;74:74;75:75;76:76;77:77;78:78;79:79;80:80;81:81;82:82;83:83;84:84;85:85;86:86;87:87;88:88;89:89;90:90;91:91;92:92;93:93;94:94;95:95;96:96;97:97;98:98;99:99;100:100;101:101;102:102;103:103;104:104;105:105;106:106;107:107;108:108;109:109;110:110;111:111;112:112;113:113;114:114;115:115;116:116;117:117;118:118;119:119;120:120;121:121;122:122;123:123;124:124;125:125;126:126;127:127;128:128;129:129;130:130;131:131;132:132;133:133;134:134;135:135;136:136;137:137;138:138;139:139;140:140;141:141;142:142;143:143;144:144;145:145;146:146;147:147;148:148;149:149;150:150;151:151;152:152;153:153;154:154;155:155;156:156;157:157;158:158;159:159;160:160;161:161;162:162;163:163;164:164;165:165;166:166;167:167;168:168;169:169;170:170;171:171;172:172;173:173;174:174	0	183;182;181;180;179;178;177;176;175	False	0		
B1501_ILPQAKKDF	GSHSMRYFYTAMSRPGRGEPRFIAVGYVDDTQFVRFDSDAASPRMAPRAPWIEQEGPEYWDRETQISKTNTQTYRESLRNLRGYYNQSEAGSHTLQRMYGCDVGPDGRLLRGHDQSAYDGKDYIALNEDLSSWTAADTAAQITQRKWEAAREAEQWRAYLEGLCVEWLRRYLENG/ILPQAKKDF	examples/tiny_pmhc_finetune/alignments/B1501_alignments.tsv	examples/tiny_pmhc_finetune/natives/run115_batch_0369B1501_ILPQAKKDF_model_1_model_1.pdb	0:0;1:1;2:2;3:3;4:4;5:5;6:6;7:7;8:8;9:9;10:10;11:11;12:12;13:13;14:14;15:15;16:16;17:17;18:18;19:19;20:20;21:21;22:22;23:23;24:24;25:25;26:26;27:27;28:28;29:29;30:30;31:31;32:32;33:33;34:34;35:35;36:36;37:37;38:38;39:39;40:40;41:41;42:42;43:43;44:44;45:45;46:46;47:47;48:48;49:49;50:50;51:51;52:52;53:53;54:54;55:55;56:56;57:57;58:58;59:59;60:60;61:61;62:62;63:63;64:64;65:65;66:66;67:67;68:68;69:69;70:70;71:71;72:72;73:73;74:74;75:75;76:76;77:77;78:78;79:79;80:80;81:81;82:82;83:83;84:84;85:85;86:86;87:87;88:88;89:89;90:90;91:91;92:92;93:93;94:94;95:95;96:96;97:97;98:98;99:99;100:100;101:101;102:102;103:103;104:104;105:105;106:106;107:107;108:108;109:109;110:110;111:111;112:112;113:113;114:114;115:115;116:116;117:117;118:118;119:119;120:120;121:121;122:122;123:123;124:124;125:125;126:126;127:127;128:128;129:129;130:130;131:131;132:132;133:133;134:134;135:135;136:136;137:137;138:138;139:139;140:140;141:141;142:142;143:143;144:144;145:145;146:146;147:147;148:148;149:149;150:150;151:151;152:152;153:153;154:154;155:155;156:156;157:157;158:158;159:159;160:160;161:161;162:162;163:163;164:164;165:165;166:166;167:167;168:168;169:169;170:170;171:171;172:172;173:173;174:174	0	183;182;181;180;179;178;177;176;175	False	0		
A6802_YVFTLLFQL	GSHSMRYFYTSMSRPGRGEPRFIAVGYVDDTQFVRFDSDAASQRMEPRAPWIEQEGPEYWDRNTRNVKAQSQTDRVDLGTLRGYYNQSEAGSHTIQRMYGCDVGPDGRFLRGYHQYAYDGKDYIALKEDLRSWTAADMAAQTTKHKWEAAHVAEQWRAYLEGTCVEWLRRYLENG/YVFTLLFQL	examples/tiny_pmhc_finetune/alignments/A6802_alignments.tsv	examples/tiny_pmhc_finetune/natives/run115_batch_0128A6802_YVFTLLFQL_model_1_model_1.pdb	0:0;1:1;2:2;3:3;4:4;5:5;6:6;7:7;8:8;9:9;10:10;11:11;12:12;13:13;14:14;15:15;16:16;17:17;18:18;19:19;20:20;21:21;22:22;23:23;24:24;25:25;26:26;27:27;28:28;29:29;30:30;31:31;32:32;33:33;34:34;35:35;36:36;37:37;38:38;39:39;40:40;41:41;42:42;43:43;44:44;45:45;46:46;47:47;48:48;49:49;50:50;51:51;52:52;53:53;54:54;55:55;56:56;57:57;58:58;59:59;60:60;61:61;62:62;63:63;64:64;65:65;66:66;67:67;68:68;69:69;70:70;71:71;72:72;73:73;74:74;75:75;76:76;77:77;78:78;79:79;80:80;81:81;82:82;83:83;84:84;85:85;86:86;87:87;88:88;89:89;90:90;91:91;92:92;93:93;94:94;95:95;96:96;97:97;98:98;99:99;100:100;101:101;102:102;103:103;104:104;105:105;106:106;107:107;108:108;109:109;110:110;111:111;112:112;113:113;114:114;115:115;116:116;117:117;118:118;119:119;120:120;121:121;122:122;123:123;124:124;125:125;126:126;127:127;128:128;129:129;130:130;131:131;132:132;133:133;134:134;135:135;136:136;137:137;138:138;139:139;140:140;141:141;142:142;143:143;144:144;145:145;146:146;147:147;148:148;149:149;150:150;151:151;152:152;153:153;154:154;155:155;156:156;157:157;158:158;159:159;160:160;161:161;162:162;163:163;164:164;165:165;166:166;167:167;168:168;169:169;170:170;171:171;172:172;173:173;174:174	1	183;182;181;180;179;178;177;176;175	False	0		
ETVKMGAFM	GSHSMRYFFTSVSRPGRGEPRFIAVGYVDDTQFVRFDSDAASQRMEPRAPWIEQEGPEYWDGETRKVKAHSQTHRVDLGTLRGYYNQSEAGSHTVQRMYGCDVGSDWRFLRGYHQYAYDGKDYIALKEDLRSWTAADMAAQTTKHKWEAAHVAEQLRAYLEGTCVEWLRRYLENGKETLQR/ETVKMGAFM	examples/tiny_pmhc_finetune/alignments/alignments.tsv	examples/tiny_pmhc_finetune/natives/run115_batch_0192ETVKMGAFM_model_1_model_1.pdb	0:0;1:1;2:2;3:3;4:4;5:5;6:6;7:7;8:8;9:9;10:10;11:11;12:12;13:13;14:14;15:15;16:16;17:17;18:18;19:19;20:20;21:21;22:22;23:23;24:24;25:25;26:26;27:27;28:28;29:29;30:30;31:31;32:32;33:33;34:34;35:35;36:36;37:37;38:38;39:39;40:40;41:41;42:42;43:43;44:44;45:45;46:46;47:47;48:48;49:49;50:50;51:51;52:52;53:53;54:54;55:55;56:56;57:57;58:58;59:59;60:60;61:61;62:62;63:63;64:64;65:65;66:66;67:67;68:68;69:69;70:70;71:71;72:72;73:73;74:74;75:75;76:76;77:77;78:78;79:79;80:80;81:81;82:82;83:83;84:84;85:85;86:86;87:87;88:88;89:89;90:90;91:91;92:92;93:93;94:94;95:95;96:96;97:97;98:98;99:99;100:100;101:101;102:102;103:103;104:104;105:105;106:106;107:107;108:108;109:109;110:110;111:111;112:112;113:113;114:114;115:115;116:116;117:117;118:118;119:119;120:120;121:121;122:122;123:123;124:124;125:125;126:126;127:127;128:128;129:129;130:130;131:131;132:132;133:133;134:134;135:135;136:136;137:137;138:138;139:139;140:140;141:141;142:142;143:143;144:144;145:145;146:146;147:147;148:148;149:149;150:150;151:151;152:152;153:153;154:154;155:155;156:156;157:157;158:158;159:159;160:160;161:161;162:162;163:163;164:164;165:165;166:166;167:167;168:168;169:169;170:170;171:171;172:172;173:173;174:174;175:175;176:176;177:177;178:178;179:179;180:180	0	189;188;187;186;185;184;183;182;181	False	0		
A3002_AYSSWMYSY	GSHSMRYFSTSVSRPGSGEPRFIAVGYVDDTQFVRFDSDAASQRMEPRAPWIEQERPEYWDQETRNVKAHSQTDRENLGTLRGYYNQSEAGSHTIQIMYGCDVGSDGRFLRGYEQHAYDGKDYIALNEDLRSWTAADMAAQITQRKWEAARRAEQLRAYLEGTCVEWLRRYLENG/AYSSWMYSY	examples/tiny_pmhc_finetune/alignments/A3002_alignments.tsv	examples/tiny_pmhc_finetune/natives/run115_batch_0312A3002_AYSSWMYSY_model_1_model_1.pdb	0:0;1:1;2:2;3:3;4:4;5:5;6:6;7:7;8:8;9:9;10:10;11:11;12:12;13:13;14:14;15:15;16:16;17:17;18:18;19:19;20:20;21:21;22:22;23:23;24:24;25:25;26:26;27:27;28:28;29:29;30:30;31:31;32:32;33:33;34:34;35:35;36:36;37:37;38:38;39:39;40:40;41:41;42:42;43:43;44:44;45:45;46:46;47:47;48:48;49:49;50:50;51:51;52:52;53:53;54:54;55:55;56:56;57:57;58:58;59:59;60:60;61:61;62:62;63:63;64:64;65:65;66:66;67:67;68:68;69:69;70:70;71:71;72:72;73:73;74:74;75:75;76:76;77:77;78:78;79:79;80:80;81:81;82:82;83:83;84:84;85:85;86:86;87:87;88:88;89:89;90:90;91:91;92:92;93:93;94:94;95:95;96:96;97:97;98:98;99:99;100:100;101:101;102:102;103:103;104:104;105:105;106:106;107:107;108:108;109:109;110:110;111:111;112:112;113:113;114:114;115:115;116:116;117:117;118:118;119:119;120:120;121:121;122:122;123:123;124:124;125:125;126:126;127:127;128:128;129:129;130:130;131:131;132:132;133:133;134:134;135:135;136:136;137:137;138:138;139:139;140:140;141:141;142:142;143:143;144:144;145:145;146:146;147:147;148:148;149:149;150:150;151:151;152:152;153:153;154:154;155:155;156:156;157:157;158:158;159:159;160:160;161:161;162:162;163:163;164:164;165:165;166:166;167:167;168:168;169:169;170:170;171:171;172:172;173:173;174:174	1	183;182;181;180;179;178;177;176;175	False	0		
A0203_DTCGASINI	GSHSMRYFFTSVSRPGRGEPRFIAVGYVDDTQFVRFDSDAASQRMEPRAPWIEQEGPEYWDGETRKVKAHSQTHRVDLGTLRGYYNQSEAGSHTVQRMYGCDVGSDWRFLRGYHQYAYDGKDYIALKEDLRSWTAADMAAQTTKHKWETAHEAEQWRAYLEGTCVEWLRRYLENG/DTCGASINI	examples/tiny_pmhc_finetune/alignments/A0203_alignments.tsv	examples/tiny_pmhc_finetune/natives/run115_batch_0469A0203_DTCGASINI_model_1_model_1.pdb	0:0;1:1;2:2;3:3;4:4;5:5;6:6;7:7;8:8;9:9;10:10;11:11;12:12;13:13;14:14;15:15;16:16;17:17;18:18;19:19;20:20;21:21;22:22;23:23;24:24;25:25;26:26;27:27;28:28;29:29;30:30;31:31;32:32;33:33;34:34;35:35;36:36;37:37;38:38;39:39;40:40;41:41;42:42;43:43;44:44;45:45;46:46;47:47;48:48;49:49;50:50;51:51;52:52;53:53;54:54;55:55;56:56;57:57;58:58;59:59;60:60;61:61;62:62;63:63;64:64;65:65;66:66;67:67;68:68;69:69;70:70;71:71;72:72;73:73;74:74;75:75;76:76;77:77;78:78;79:79;80:80;81:81;82:82;83:83;84:84;85:85;86:86;87:87;88:88;89:89;90:90;91:91;92:92;93:93;94:94;95:95;96:96;97:97;98:98;99:99;100:100;101:101;102:102;103:103;104:104;105:105;106:106;107:107;108:108;109:109;110:110;111:111;112:112;113:113;114:114;115:115;116:116;117:117;118:118;119:119;120:120;121:121;122:122;123:123;124:124;125:125;126:126;127:127;128:128;129:129;130:130;131:131;132:132;133:133;134:134;135:135;136:136;137:137;138:138;139:139;140:140;141:141;142:142;143:143;144:144;145:145;146:146;147:147;148:148;149:149;150:150;151:151;152:152;153:153;154:154;155:155;156:156;157:157;158:158;159:159;160:160;161:161;162:162;163:163;164:164;165:165;166:166;167:167;168:168;169:169;170:170;171:171;172:172;173:173;174:174	0	183;182;181;180;179;178;177;176;175	False	0		
DRB1_0101_True_CEYIPLFSATARRAM_1	HVIIQAEFYLNPDQSGEFMFDFDGDEIFHVDMAKKETVWRLEEFGRFASFEAQGALANIAVDKANLEIMTKRSN/FLWQLKFECHFFNGTERVRLLERCIYNQEESVRFDSDVGEYRAVTELGRPDAEYWNSQKDLLEQRRAAVDTYCRHNYGVGESFTV/EYIPLFSATAR	examples/tiny_pmhc_finetune/alignments/DRB1_0101_templates.tsv	examples/tiny_pmhc_finetune/natives/run135_batch_0014DRB1_0101_True_CEYIPLFSATARRAM_1_model_1_model_1.pdb	0:0;1:1;2:2;3:3;4:4;5:5;6:6;7:7;8:8;9:9;10:10;11:11;12:12;13:13;14:14;15:15;16:16;17:17;18:18;19:19;20:20;21:21;22:22;23:23;24:24;25:25;26:26;27:27;28:28;29:29;30:30;31:31;32:32;33:33;34:34;35:35;36:36;37:37;38:38;39:39;40:40;41:41;42:42;43:43;44:44;45:45;46:46;47:47;48:48;49:49;50:50;51:51;52:52;53:53;54:54;55:55;56:56;57:57;58:58;59:59;60:60;61:61;62:62;63:63;64:64;65:65;66:66;67:67;68:68;69:69;70:70;71:71;72:72;73:73;74:74;75:75;76:76;77:77;78:78;79:79;80:80;81:81;82:82;83:83;84:84;85:85;86:86;87:87;88:88;89:89;90:90;91:91;92:92;93:93;94:94;95:95;96:96;97:97;98:98;99:99;100:100;101:101;102:102;103:103;104:104;105:105;106:106;107:107;108:108;109:109;110:110;111:111;112:112;113:113;114:114;115:115;116:116;117:117;118:118;119:119;120:120;121:121;122:122;123:123;124:124;125:125;126:126;127:127;128:128;129:129;130:130;131:131;132:132;133:133;134:134;135:135;136:136;137:137;138:138;139:139;140:140;141:141;142:142;143:143;144:144;145:145;146:146;147:147;148:148;149:149;150:150;151:151;152:152;153:153;154:154;155:155;156:156;157:157;158:158	1	159;160;161;162;163;164;165;166;167;168;169	False	1	159.0	170.0
B0702_FQPQNGQFI	GSHSMRYFYTSVSRPGRGEPRFISVGYVDDTQFVRFDSDAASPREEPRAPWIEQEGPEYWDRNTQIYKAQAQTDRESLRNLRGYYNQSEAGSHTLQSMYGCDVGPDGRLLRGHDQYAYDGKDYIALNEDLRSWTAADTAAQITQRKWEAAREAEQRRAYLEGECVEWLRRYLENG/FQPQNGQFI	examples/tiny_pmhc_finetune/alignments/B0702_alignments.tsv	examples/tiny_pmhc_finetune/natives/run115_batch_0050B0702_FQPQNGQFI_model_1_model_1.pdb	0:0;1:1;2:2;3:3;4:4;5:5;6:6;7:7;8:8;9:9;10:10;11:11;12:12;13:13;14:14;15:15;16:16;17:17;18:18;19:19;20:20;21:21;22:22;23:23;24:24;25:25;26:26;27:27;28:28;29:29;30:30;31:31;32:32;33:33;34:34;35:35;36:36;37:37;38:38;39:39;40:40;41:41;42:42;43:43;44:44;45:45;46:46;47:47;48:48;49:49;50:50;51:51;52:52;53:53;54:54;55:55;56:56;57:57;58:58;59:59;60:60;61:61;62:62;63:63;64:64;65:65;66:66;67:67;68:68;69:69;70:70;71:71;72:72;73:73;74:74;75:75;76:76;77:77;78:78;79:79;80:80;81:81;82:82;83:83;84:84;85:85;86:86;87:87;88:88;89:89;90:90;91:91;92:92;93:93;94:94;95:95;96:96;97:97;98:98;99:99;100:100;101:101;102:102;103:103;104:104;105:105;106:106;107:107;108:108;109:109;110:110;111:111;112:112;113:113;114:114;115:115;116:116;117:117;118:118;119:119;120:120;121:121;122:122;123:123;124:124;125:125;126:126;127:127;128:128;129:129;130:130;131:131;132:132;133:133;134:134;135:135;136:136;137:137;138:138;139:139;140:140;141:141;142:142;143:143;144:144;145:145;146:146;147:147;148:148;149:149;150:150;151:151;152:152;153:153;154:154;155:155;156:156;157:157;158:158;159:159;160:160;161:161;162:162;163:163;164:164;165:165;166:166;167:167;168:168;169:169;170:170;171:171;172:172;173:173;174:174	0	183;182;181;180;179;178;177;176;175	False	0		
A0206_TPEGIIPTL	GSHSMRYFYTSVSRPGRGEPRFIAVGYVDDTQFVRFDSDAASQRMEPRAPWIEQEGPEYWDGETRKVKAHSQTHRVDLGTLRGYYNQSEAGSHTVQRMYGCDVGSDWRFLRGYHQYAYDGKDYIALKEDLRSWTAADMAAQTTKHKWEAAHVAEQLRAYLEGTCVEWLRRYLENG/TPEGIIPTL	examples/tiny_pmhc_finetune/alignments/A0206_alignments.tsv	examples/tiny_pmhc_finetune/natives/run115_batch_0326A0206_TPEGIIPTL_model_1_model_1.pdb	0:0;1:1;2:2;3:3;4:4;5:5;6:6;7:7;8:8;9:9;10:10;11:11;12:12;13:13;14:14;15:15;16:16;17:17;18:18;19:19;20:20;21:21;22:22;23:23;24:24;25:25;26:26;27:27;28:28;29:29;30:30;31:31;32:32;33:33;34:34;35:35;36:36;37:37;38:38;39:39;40:40;41:41;42:42;43:43;44:44;45:45;46:46;47:47;48:48;49:49;50:50;51:51;52:52;53:53;54:54;55:55;56:56;57:57;58:58;59:59;60:60;61:61;62:62;63:63;64:64;65:65;66:66;67:67;68:68;69:69;70:70;71:71;72:72;73:73;74:74;75:75;76:76;77:77;78:78;79:79;80:80;81:81;82:82;83:83;84:84;85:85;86:86;87:87;88:88;89:89;90:90;91:91;92:92;93:93;94:94;95:95;96:96;97:97;98:98;99:99;100:100;101:101;102:102;103:103;104:104;105:105;106:106;107:107;108:108;109:109;110:110;111:111;112:112;113:113;114:114;115:115;116:116;117:117;118:118;119:119;120:120;121:121;122:122;123:123;124:124;125:125;126:126;127:127;128:128;129:129;130:130;131:131;132:132;133:133;134:134;135:135;136:136;137:137;138:138;139:139;140:140;141:141;142:142;143:143;144:144;145:145;146:146;147:147;148:148;149:149;150:150;151:151;152:152;153:153;154:154;155:155;156:156;157:157;158:158;159:159;160:160;161:161;162:162;163:163;164:164;165:165;166:166;167:167;168:168;169:169;170:170;171:171;172:172;173:173;174:174	0	183;182;181;180;179;178;177;176;175	False	0		
A3101_GTFGPVHFR	GSHSMRYFTTSVSRPGRGEPRFIAVGYVDDTQFVRFDSDAASQRMEPRAPWIEQERPEYWDQETRNVKAHSQIDRVDLGTLRGYYNQSEAGSHTIQMMYGCDVGSDGRFLRGYQQDAYDGKDYIALNEDLRSWTAADMAAQITQRKWEAARVAEQLRAYLEGTCVEWLRRYLENG/GTFGPVHFR	examples/tiny_pmhc_finetune/alignments/A3101_alignments.tsv	examples/tiny_pmhc_finetune/natives/run115_batch_0073A3101_GTFGPVHFR_model_1_model_1.pdb	0:0;1:1;2:2;3:3;4:4;5:5;6:6;7:7;8:8;9:9;10:10;11:11;12:12;13:13;14:14;15:15;16:16;17:17;18:18;19:19;20:20;21:21;22:22;23:23;24:24;25:25;26:26;27:27;28:28;29:29;30:30;31:31;32:32;33:33;34:34;35:35;36:36;37:37;38:38;39:39;40:40;41:41;42:42;43:43;44:44;45:45;46:46;47:47;48:48;49:49;50:50;51:51;52:52;53:53;54:54;55:55;56:56;57:57;58:58;59:59;60:60;61:61;62:62;63:63;64:64;65:65;66:66;67:67;68:68;69:69;70:70;71:71;72:72;73:73;74:74;75:75;76:76;77:77;78:78;79:79;80:80;81:81;82:82;83:83;84:84;85:85;86:86;87:87;88:88;89:89;90:90;91:91;92:92;93:93;94:94;95:95;96:96;97:97;98:98;99:99;100:100;101:101;102:102;103:103;104:104;105:105;106:106;107:107;108:108;109:109;110:110;111:111;112:112;113:113;114:114;115:115;116:116;117:117;118:118;119:119;120:120;121:121;122:122;123:123;124:124;125:125;126:126;127:127;128:128;129:129;130:130;131:131;132:132;133:133;134:134;135:135;136:136;137:137;138:138;139:139;140:140;141:141;142:142;143:143;144:144;145:145;146:146;147:147;148:148;149:149;150:150;151:151;152:152;153:153;154:154;155:155;156:156;157:157;158:158;159:159;160:160;161:161;162:162;163:163;164:164;165:165;166:166;167:167;168:168;169:169;170:170;171:171;172:172;173:173;174:174	1	183;182;181;180;179;178;177;176;175	False	0		
A0206_RVACRDVEV	GSHSMRYFYTSVSRPGRGEPRFIAVGYVDDTQFVRFDSDAASQRMEPRAPWIEQEGPEYWDGETRKVKAHSQTHRVDLGTLRGYYNQSEAGSHTVQRMYGCDVGSDWRFLRGYHQYAYDGKDYIALKEDLRSWTAADMAAQTTKHKWEAAHVAEQLRAYLEGTCVEWLRRYLENG/RVACRDVEV	examples/tiny_pmhc_finetune/alignments/A0206_alignments.tsv	examples/tiny_pmhc_finetune/natives/run115_batch_0377A0206_RVACRDVEV_model_1_model_1.pdb	0:0;1:1;2:2;3:3;4:4;5:5;6:6;7:7;8:8;9:9;10:10;11:11;12:12;13:13;14:14;15:15;16:16;17:17;18:18;19:19;20:20;21:21;22:22;23:23;24:24;25:25;26:26;27:27;28:28;29:29;30:30;31:31;32:32;33:33;34:34;35:35;36:36;37:37;38:38;39:39;40:40;41:41;42:42;43:43;44:44;45:45;46:46;47:47;48:48;49:49;50:50;51:51;52:52;53:53;54:54;55:55;56:56;57:57;58:58;59:59;60:60;61:61;62:62;63:63;64:64;65:65;66:66;67:67;68:68;69:69;70:70;71:71;72:72;73:73;74:74;75:75;76:76;77:77;78:78;79:79;80:80;81:81;82:82;83:83;84:84;85:85;86:86;87:87;88:88;89:89;90:90;91:91;92:92;93:93;94:94;95:95;96:96;97:97;98:98;99:99;100:100;101:101;102:102;103:103;104:104;105:105;106:106;107:107;108:108;109:109;110:110;111:111;112:112;113:113;114:114;115:115;116:116;117:117;118:118;119:119;120:120;121:121;122:122;123:123;124:124;125:125;126:126;127:127;128:128;129:129;130:130;131:131;132:132;133:133;134:134;135:135;136:136;137:137;138:138;139:139;140:140;141:141;142:142;143:143;144:144;145:145;146:146;147:147;148:148;149:149;150:150;151:151;152:152;153:153;154:154;155:155;156:156;157:157;158:158;159:159;160:160;161:161;162:162;163:163;164:164;165:165;166:166;167:167;168:168;169:169;170:170;171:171;172:172;173:173;174:174	1	183;182;181;180;179;178;177;176;175	False	0		
A0206_MTLWYMWQV	GSHSMRYFYTSVSRPGRGEPRFIAVGYVDDTQFVRFDSDAASQRMEPRAPWIEQEGPEYWDGETRKVKAHSQTHRVDLGTLRGYYNQSEAGSHTVQRMYGCDVGSDWRFLRGYHQYAYDGKDYIALKEDLRSWTAADMAAQTTKHKWEAAHVAEQLRAYLEGTCVEWLRRYLENG/MTLWYMWQV	examples/tiny_pmhc_finetune/alignments/A0206_alignments.tsv	examples/tiny_pmhc_finetune/natives/run115_batch_0176A0206_MTLWYMWQV_model_1_model_1.pdb	0:0;1:1;2:2;3:3;4:4;5:5;6:6;7:7;8:8;9:9;10:10;11:11;12:12;13:13;14:14;15:15;16:16;17:17;18:18;19:19;20:20;21:21;22:22;23:23;24:24;25:25;26:26;27:27;28:28;29:29;30:30;31:31;32:32;33:33;34:34;35:35;36:36;37:37;38:38;39:39;40:40;41:41;42:42;43:43;44:44;45:45;46:46;47:47;48:48;49:49;50:50;51:51;52:52;53:53;54:54;55:55;56:56;57:57;58:58;59:59;60:60;61:61;62:62;63:63;64:64;65:65;66:66;67:67;68:68;69:69;70:70;71:71;72:72;73:73;74:74;75:75;76:76;77:77;78:78;79:79;80:80;81:81;82:82;83:83;84:84;85:85;86:86;87:87;88:88;89:89;90:90;91:91;92:92;93:93;94:94;95:95;96:96;97:97;98:98;99:99;100:100;101:101;102:102;103:103;104:104;105:105;106:106;107:107;108:108;109:109;110:110;111:111;112:112;113:113;114:114;115:115;116:116;117:117;118:118;119:119;120:120;121:121;122:122;123:123;124:124;125:125;126:126;127:127;128:128;129:129;130:130;131:131;132:132;133:133;134:134;135:135;136:136;137:137;138:138;139:139;140:140;141:141;142:142;143:143;144:144;145:145;146:146;147:147;148:148;149:149;150:150;151:151;152:152;153:153;154:154;155:155;156:156;157:157;158:158;159:159;160:160;161:161;162:162;163:163;164:164;165:165;166:166;167:167;168:168;169:169;170:170;171:171;172:172;173:173;174:174	1	183;182;181;180;179;178;177;176;175	False	0		
DRB1_0701_False_IVYWKQWLSLKNLTQ_0	HVIIQAEFYLNPDQSGEFMFDFDGDEIFHVDMAKKETVWRLEEFGRFASFEAQGALANIAVDKANLEIMTKRSN/FLWQGKYKCHFFNGTERVQFLERLFYNQEEFVRFDSDVGEYRAVTELGRPVAESWNSQKDILEDRRGQVDTVCRHNYGVGESFTV/IVYWKQWLSLK	examples/tiny_pmhc_finetune/alignments/DRB1_0701_templates.tsv	examples/tiny_pmhc_finetune/natives/run135_batch_0177DRB1_0701_False_IVYWKQWLSLKNLTQ_0_model_1_model_1.pdb	0:0;1:1;2:2;3:3;4:4;5:5;6:6;7:7;8:8;9:9;10:10;11:11;12:12;13:13;14:14;15:15;16:16;17:17;18:18;19:19;20:20;21:21;22:22;23:23;24:24;25:25;26:26;27:27;28:28;29:29;30:30;31:31;32:32;33:33;34:34;35:35;36:36;37:37;38:38;39:39;40:40;41:41;42:42;43:43;44:44;45:45;46:46;47:47;48:48;49:49;50:50;51:51;52:52;53:53;54:54;55:55;56:56;57:57;58:58;59:59;60:60;61:61;62:62;63:63;64:64;65:65;66:66;67:67;68:68;69:69;70:70;71:71;72:72;73:73;74:74;75:75;76:76;77:77;78:78;79:79;80:80;81:81;82:82;83:83;84:84;85:85;86:86;87:87;88:88;89:89;90:90;91:91;92:92;93:93;94:94;95:95;96:96;97:97;98:98;99:99;100:100;101:101;102:102;103:103;104:104;105:105;106:106;107:107;108:108;109:109;110:110;111:111;112:112;113:113;114:114;115:115;116:116;117:117;118:118;119:119;120:120;121:121;122:122;123:123;124:124;125:125;126:126;127:127;128:128;129:129;130:130;131:131;132:132;133:133;134:134;135:135;136:136;137:137;138:138;139:139;140:140;141:141;142:142;143:143;144:144;145:145;146:146;147:147;148:148;149:149;150:150;151:151;152:152;153:153;154:154;155:155;156:156;157:157;158:158	0	159;160;161;162;163;164;165;166;167;168;169	False	1	159.0	170.0
A0202_ALAPSTMKI	GSHSMRYFFTSVSRPGRGEPRFIAVGYVDDTQFVRFDSDAASRRMEPRAPWIEQEGPEYWDGETRKVKAHSQTHRVDLGTLRGYYNQSEAGSHTLQRMYGCDVGSDWRFLRGYHQYAYDGKDYIALKEDLRSWTAADMAAQTTKHKWEAAHVAEQWRAYLEGTCVEWLRRYLENG/ALAPSTMKI	examples/tiny_pmhc_finetune/alignments/A0202_alignments.tsv	examples/tiny_pmhc_finetune/natives/run115_batch_0145A0202_ALAPSTMKI_model_1_model_1.pdb	0:0;1:1;2:2;3:3;4:4;5:5;6:6;7:7;8:8;9:9;10:10;11:11;12:12;13:13;14:14;15:15;16:16;17:17;18:18;19:19;20:20;21:21;22:22;23:23;24:24;25:25;26:26;27:27;28:28;29:29;30:30;31:31;32:32;33:33;34:34;35:35;36:36;37:37;38:38;39:39;40:40;41:41;42:42;43:43;44:44;45:45;46:46;47:47;48:48;49:49;50:50;51:51;52:52;53:53;54:54;55:55;56:56;57:57;58:58;59:59;60:60;61:61;62:62;63:63;64:64;65:65;66:66;67:67;68:68;69:69;70:70;71:71;72:72;73:73;74:74;75:75;76:76;77:77;78:78;79:79;80:80;81:81;82:82;83:83;84:84;85:85;86:86;87:87;88:88;89:89;90:90;91:91;92:92;93:93;94:94;95:95;96:96;97:97;98:98;99:99;100:100;101:101;102:102;103:103;104:104;105:105;106:106;107:107;108:108;109:109;110:110;111:111;112:112;113:113;114:114;115:115;116:116;117:117;118:118;119:119;120:120;121:121;122:122;123:123;124:124;125:125;126:126;127:127;128:128;129:129;130:130;131:131;132:132;133:133;134:134;135:135;136:136;137:137;138:138;139:139;140:140;141:141;142:142;143:143;144:144;145:145;146:146;147:147;148:148;149:149;150:150;151:151;152:152;153:153;154:154;155:155;156:156;157:157;158:158;159:159;160:160;161:161;162:162;163:163;164:164;165:165;166:166;167:167;168:168;169:169;170:170;171:171;172:172;173:173;174:174	1	183;182;181;180;179;178;177;176;175	False	0		
DRB3_0101_True_AFILDIDNLFPKV_0	HVIIQAEFYLNPDQSGEFMFDFDGDEIFHVDMAKKETVWRLEEFGRFASFEAQGALANIAVDKANLEIMTKRSN/FLELRKSECHFFNGTERVRYLDRYFHNQEEFLRFDSDVGEYRAVTELGRPVAESWNSQKDLLEQKRGRVDNYCRHNYGVGESFTV/AFILDIDNLFP	examples/tiny_pmhc_finetune/alignments/DRB3_0101_templates.tsv	examples/tiny_pmhc_finetune/natives/run135_batch_0466DRB3_0101_True_AFILDIDNLFPKV_0_model_1_model_1.pdb	0:0;1:1;2:2;3:3;4:4;5:5;6:6;7:7;8:8;9:9;10:10;11:11;12:12;13:13;14:14;15:15;16:16;17:17;18:18;19:19;20:20;21:21;22:22;23:23;24:24;25:25;26:26;27:27;28:28;29:29;30:30;31:31;32:32;33:33;34:34;35:35;36:36;37:37;38:38;39:39;40:40;41:41;42:42;43:43;44:44;45:45;46:46;47:47;48:48;49:49;50:50;51:51;52:52;53:53;54:54;55:55;56:56;57:57;58:58;59:59;60:60;61:61;62:62;63:63;64:64;65:65;66:66;67:67;68:68;69:69;70:70;71:71;72:72;73:73;74:74;75:75;76:76;77:77;78:78;79:79;80:80;81:81;82:82;83:83;84:84;85:85;86:86;87:87;88:88;89:89;90:90;91:91;92:92;93:93;94:94;95:95;96:96;97:97;98:98;99:99;100:100;101:101;102:102;103:103;104:104;105:105;106:106;107:107;108:108;109:109;110:110;111:111;112:112;113:113;114:114;115:115;116:116;117:117;118:118;119:119;120:120;121:121;122:122;123:123;124:124;125:125;126:126;127:127;128:128;129:129;130:130;131:131;132:132;133:133;134:134;135:135;136:136;137:137;138:138;139:139;140:140;141:141;142:142;143:143;144:144;145:145;146:146;147:147;148:148;149:149;150:150;151:151;152:152;153:153;154:154;155:155;156:156;157:157;158:158	1	159;160;161;162;163;164;165;166;167;168;169	False	1	159.0	170.0
A2601_CTSHGKQNV	GSHSMRYFYTSVSRPGRGEPRFIAVGYVDDTQFVRFDSDAASQRMEPRAPWIEQEGPEYWDRNTRNVKAHSQTDRANLGTLRGYYNQSEDGSHTIQRMYGCDVGPDGRFLRGYQQDAYDGKDYIALNEDLRSWTAADMAAQITQRKWETAHEAEQWRAYLEGRCVEWLRRYLENG/CTSHGKQNV	examples/tiny_pmhc_finetune/alignments/A2601_alignments.tsv	examples/tiny_pmhc_finetune/natives/run115_batch_0621A2601_CTSHGKQNV_model_1_model_1.pdb	0:0;1:1;2:2;3:3;4:4;5:5;6:6;7:7;8:8;9:9;10:10;11:11;12:12;13:13;14:14;15:15;16:16;17:17;18:18;19:19;20:20;21:21;22:22;23:23;24:24;25:25;26:26;27:27;28:28;29:29;30:30;31:31;32:32;33:33;34:34;35:35;36:36;37:37;38:38;39:39;40:40;41:41;42:42;43:43;44:44;45:45;46:46;47:47;48:48;49:49;50:50;51:51;52:52;53:53;54:54;55:55;56:56;57:57;58:58;59:59;60:60;61:61;62:62;63:63;64:64;65:65;66:66;67:67;68:68;69:69;70:70;71:71;72:72;73:73;74:74;75:75;76:76;77:77;78:78;79:79;80:80;81:81;82:82;83:83;84:84;85:85;86:86;87:87;88:88;89:89;90:90;91:91;92:92;93:93;94:94;95:95;96:96;97:97;98:98;99:99;100:100;101:101;102:102;103:103;104:104;105:105;106:106;107:107;108:108;109:109;110:110;111:111;112:112;113:113;114:114;115:115;116:116;117:117;118:118;119:119;120:120;121:121;122:122;123:123;124:124;125:125;126:126;127:127;128:128;129:129;130:130;131:131;132:132;133:133;134:134;135:135;136:136;137:137;138:138;139:139;140:140;141:141;142:142;143:143;144:144;145:145;146:146;147:147;148:148;149:149;150:150;151:151;152:152;153:153;154:154;155:155;156:156;157:157;158:158;159:159;160:160;161:161;162:162;163:163;164:164;165:165;166:166;167:167;168:168;169:169;170:170;171:171;172:172;173:173;174:174	0	183;182;181;180;179;178;177;176;175	False	0		
A2902_MTAASYARY	GSHSMRYFTTSVSRPGRGEPRFIAVGYVDDTQFVRFDSDAASQRMEPRAPWIEQEGPEYWDLQTRNVKAQSQTDRANLGTLRGYYNQSEAGSHTIQMMYGCDVGSDGRFLRGYRQDAYDGKDYIALNEDLRSWTAADMAAQITQRKWEAARVAEQLRAYLEGTCVEWLRRYLENG/MTAASYARY	examples/tiny_pmhc_finetune/alignments/A2902_alignments.tsv	examples/tiny_pmhc_finetune/natives/run115_batch_0108A2902_MTAASYARY_model_1_model_1.pdb	0:0;1:1;2:2;3:3;4:4;5:5;6:6;7:7;8:8;9:9;10:10;11:11;12:12;13:13;14:14;15:15;16:16;17:17;18:18;19:19;20:20;21:21;22:22;23:23;24:24;25:25;26:26;27:27;28:28;29:29;30:30;31:31;32:32;33:33;34:34;35:35;36:36;37:37;38:38;39:39;40:40;41:41;42:42;43:43;44:44;45:45;46:46;47:47;48:48;49:49;50:50;51:51;52:52;53:53;54:54;55:55;56:56;57:57;58:58;59:59;60:60;61:61;62:62;63:63;64:64;65:65;66:66;67:67;68:68;69:69;70:70;71:71;72:72;73:73;74:74;75:75;76:76;77:77;78:78;79:79;80:80;81:81;82:82;83:83;84:84;85:85;86:86;87:87;88:88;89:89;90:90;91:91;92:92;93:93;94:94;95:95;96:96;97:97;98:98;99:99;100:100;101:101;102:102;103:103;104:104;105:105;106:106;107:107;108:108;109:109;110:110;111:111;112:112;113:113;114:114;115:115;116:116;117:117;118:118;119:119;120:120;121:121;122:122;123:123;124:124;125:125;126:126;127:127;128:128;129:129;130:130;131:131;132:132;133:133;134:134;135:135;136:136;137:137;138:138;139:139;140:140;141:141;142:142;143:143;144:144;145:145;146:146;147:147;148:148;149:149;150:150;151:151;152:152;153:153;154:154;155:155;156:156;157:157;158:158;159:159;160:160;161:161;162:162;163:163;164:164;165:165;166:166;167:167;168:168;169:169;170:170;171:171;172:172;173:173;174:174	1	183;182;181;180;179;178;177;176;175	False	0		
A0203_NVQFVDINR	GSHSMRYFFTSVSRPGRGEPRFIAVGYVDDTQFVRFDSDAASQRMEPRAPWIEQEGPEYWDGETRKVKAHSQTHRVDLGTLRGYYNQSEAGSHTVQRMYGCDVGSDWRFLRGYHQYAYDGKDYIALKEDLRSWTAADMAAQTTKHKWETAHEAEQWRAYLEGTCVEWLRRYLENG/NVQFVDINR	examples/tiny_pmhc_finetune/alignments/A0203_alignments.tsv	examples/tiny_pmhc_finetune/natives/run115_batch_0576A0203_NVQFVDINR_model_1_model_1.pdb	0:0;1:1;2:2;3:3;4:4;5:5;6:6;7:7;8:8;9:9;10:10;11:11;12:12;13:13;14:14;15:15;16:16;17:17;18:18;19:19;20:20;21:21;22:22;23:23;24:24;25:25;26:26;27:27;28:28;29:29;30:30;31:31;32:32;33:33;34:34;35:35;36:36;37:37;38:38;39:39;40:40;41:41;42:42;43:43;44:44;45:45;46:46;47:47;48:48;49:49;50:50;51:51;52:52;53:53;54:54;55:55;56:56;57:57;58:58;59:59;60:60;61:61;62:62;63:63;64:64;65:65;66:66;67:67;68:68;69:69;70:70;71:71;72:72;73:73;74:74;75:75;76:76;77:77;78:78;79:79;80:80;81:81;82:82;83:83;84:84;85:85;86:86;87:87;88:88;89:89;90:90;91:91;92:92;93:93;94:94;95:95;96:96;97:97;98:98;99:99;100:100;101:101;102:102;103:103;104:104;105:105;106:106;107:107;108:108;109:109;110:110;111:111;112:112;113:113;114:114;115:115;116:116;117:117;118:118;119:119;120:120;121:121;122:122;123:123;124:124;125:125;126:126;127:127;128:128;129:129;130:130;131:131;132:132;133:133;134:134;135:135;136:136;137:137;138:138;139:139;140:140;141:141;142:142;143:143;144:144;145:145;146:146;147:147;148:148;149:149;150:150;151:151;152:152;153:153;154:154;155:155;156:156;157:157;158:158;159:159;160:160;161:161;162:162;163:163;164:164;165:165;166:166;167:167;168:168;169:169;170:170;171:171;172:172;173:173;174:174	0	183;182;181;180;179;178;177;176;175	False	0		
B5801_WALDVPMYF	GSHSMRYFYTAMSRPGRGEPRFIAVGYVDDTQFVRFDSDAASPRTEPRAPWIEQEGPEYWDGETRNMKASAQTYRENLRIALRYYNQSEAGSHIIQRMYGCDLGPDGRLLRGHDQSAYDGKDYIALNEDLSSWTAADTAAQITQRKWEAARVAEQLRAYLEGLCVEWLRRYLENG/WALDVPMYF	examples/tiny_pmhc_finetune/alignments/B5801_alignments.tsv	examples/tiny_pmhc_finetune/natives/run115_batch_0187B5801_WALDVPMYF_model_1_model_1.pdb	0:0;1:1;2:2;3:3;4:4;5:5;6:6;7:7;8:8;9:9;10:10;11:11;12:12;13:13;14:14;15:15;16:16;17:17;18:18;19:19;20:20;21:21;22:22;23:23;24:24;25:25;26:26;27:27;28:28;29:29;30:30;31:31;32:32;33:33;34:34;35:35;36:36;37:37;38:38;39:39;40:40;41:41;42:42;43:43;44:44;45:45;46:46;47:47;48:48;49:49;50:50;51:51;52:52;53:53;54:54;55:55;56:56;57:57;58:58;59:59;60:60;61:61;62:62;63:63;64:64;65:65;66:66;67:67;68:68;69:69;70:70;71:71;72:72;73:73;74:74;75:75;76:76;77:77;78:78;79:79;80:80;81:81;82:82;83:83;84:84;85:85;86:86;87:87;88:88;89:89;90:90;91:91;92:92;93:93;94:94;95:95;96:96;97:97;98:98;99:99;100:100;101:101;102:102;103:103;104:104;105:105;106:106;107:107;108:108;109:109;110:110;111:111;112:112;113:113;114:114;115:115;116:116;117:117;118:118;119:119;120:120;121:121;122:122;123:123;124:124;125:125;126:126;127:127;128:128;129:129;130:130;131:131;132:132;133:133;134:134;135:135;136:136;137:137;138:138;139:139;140:140;141:141;142:142;143:143;144:144;145:145;146:146;147:147;148:148;149:149;150:150;151:151;152:152;153:153;154:154;155:155;156:156;157:157;158:158;159:159;160:160;161:161;162:162;163:163;164:164;165:165;166:166;167:167;168:168;169:169;170:170;171:171;172:172;173:173;174:174	1	183;182;181;180;179;178;177;176;175	False	0		
A2301_IWEVEDYGF	GSHSMRYFSTSVSRPGRGEPRFIAVGYVDDTQFVRFDSDAASQRMEPRAPWIEQEGPEYWDEETGKVKAHSQTDRENLRIALRYYNQSEAGSHTLQMMFGCDVGSDGRFLRGYHQYAYDGKDYIALKEDLRSWTAADMAAQITQRKWEAARVAEQLRAYLEGTCVDGLRRYLENG/IWEVEDYGF	examples/tiny_pmhc_finetune/alignments/A2301_alignments.tsv	examples/tiny_pmhc_finetune/natives/run115_batch_0200A2301_IWEVEDYGF_model_1_model_1.pdb	0:0;1:1;2:2;3:3;4:4;5:5;6:6;7:7;8:8;9:9;10:10;11:11;12:12;13:13;14:14;15:15;16:16;17:17;18:18;19:19;20:20;21:21;22:22;23:23;24:24;25:25;26:26;27:27;28:28;29:29;30:30;31:31;32:32;33:33;34:34;35:35;36:36;37:37;38:38;39:39;40:40;41:41;42:42;43:43;44:44;45:45;46:46;47:47;48:48;49:49;50:50;51:51;52:52;53:53;54:54;55:55;56:56;57:57;58:58;59:59;60:60;61:61;62:62;63:63;64:64;65:65;66:66;67:67;68:68;69:69;70:70;71:71;72:72;73:73;74:74;75:75;76:76;77:77;78:78;79:79;80:80;81:81;82:82;83:83;84:84;85:85;86:86;87:87;88:88;89:89;90:90;91:91;92:92;93:93;94:94;95:95;96:96;97:97;98:98;99:99;100:100;101:101;102:102;103:103;104:104;105:105;106:106;107:107;108:108;109:109;110:110;111:111;112:112;113:113;114:114;115:115;116:116;117:117;118:118;119:119;120:120;121:121;122:122;123:123;124:124;125:125;126:126;127:127;128:128;129:129;130:130;131:131;132:132;133:133;134:134;135:135;136:136;137:137;138:138;139:139;140:140;141:141;142:142;143:143;144:144;145:145;146:146;147:147;148:148;149:149;150:150;151:151;152:152;153:153;154:154;155:155;156:156;157:157;158:158;159:159;160:160;161:161;162:162;163:163;164:164;165:165;166:166;167:167;168:168;169:169;170:170;171:171;172:172;173:173;174:174	1	183;182;181;180;179;178;177;176;175	False	0		
HLMFYTLPI	GSHSMRYFFTSVSRPGRGEPRFIAVGYVDDTQFVRFDSDAASQRMEPRAPWIEQEGPEYWDGETRKVKAHSQTHRVDLGTLRGYYNQSEAGSHTVQRMYGCDVGSDWRFLRGYHQYAYDGKDYIALKEDLRSWTAADMAAQTTKHKWEAAHVAEQLRAYLEGTCVEWLRRYLENGKETLQR/HLMFYTLPI	examples/tiny_pmhc_finetune/alignments/alignments.tsv	examples/tiny_pmhc_finetune/natives/run115_batch_0341HLMFYTLPI_model_1_model_1.pdb	0:0;1:1;2:2;3:3;4:4;5:5;6:6;7:7;8:8;9:9;10:10;11:11;12:12;13:13;14:14;15:15;16:16;17:17;18:18;19:19;20:20;21:21;22:22;23:23;24:24;25:25;26:26;27:27;28:28;29:29;30:30;31:31;32:32;33:33;34:34;35:35;36:36;37:37;38:38;39:39;40:40;41:41;42:42;43:43;44:44;45:45;46:46;47:47;48:48;49:49;50:50;51:51;52:52;53:53;54:54;55:55;56:56;57:57;58:58;59:59;60:60;61:61;62:62;63:63;64:64;65:65;66:66;67:67;68:68;69:69;70:70;71:71;72:72;73:73;74:74;75:75;76:76;77:77;78:78;79:79;80:80;81:81;82:82;83:83;84:84;85:85;86:86;87:87;88:88;89:89;90:90;91:91;92:92;93:93;94:94;95:95;96:96;97:97;98:98;99:99;100:100;101:101;102:102;103:103;104:104;105:105;106:106;107:107;108:108;109:109;110:110;111:111;112:112;113:113;114:114;115:115;116:116;117:117;118:118;119:119;120:120;121:121;122:122;123:123;124:124;125:125;126:126;127:127;128:128;129:129;130:130;131:131;132:132;133:133;134:134;135:135;136:136;137:137;138:138;139:139;140:140;141:141;142:142;143:143;144:144;145:145;146:146;147:147;148:148;149:149;150:150;151:151;152:152;153:153;154:154;155:155;156:156;157:157;158:158;159:159;160:160;161:161;162:162;163:163;164:164;165:165;166:166;167:167;168:168;169:169;170:170;171:171;172:172;173:173;174:174;175:175;176:176;177:177;178:178;179:179;180:180	1	189;188;187;186;185;184;183;182;181	False	0		
